x_id,x_kind,disposition,pressure_id,source_id,model_path,instance_id,instance_version,value,provenance,custody,invariant_check_ids,enforcement_reality,open_pressure_disposition,cause_classification,classification_evidence,current_project_fit,evolution_change,independent_reason,semantic_proof_authority_custody_preservation,migration_cost,affected_artifacts,current_form_representable,evolved_form_representable,post_evolution_fit,unresolved_discriminator
core.Scope.versioned,Scope,exercised,not-applicable,"R01,R02,R03,R04,R05,R06,M01,M02,M06,T01,T02",core.Scope.versioned,"SC-COL,SC-PROG,SC-MIS",1,versioned=True; the checker enforces presence/absence of a version on every instance,wfh-008 alphabet R + M01 as parsed + T01/T02 (ledgered transitive),"git (themes.md, SCOPE.md) + forge",see instance + wfh-008-validate.py output,mechanically checkable and checked,n/a,not-applicable,not-applicable,not-applicable,not-applicable,not-applicable,not-applicable,not-applicable,not-applicable,not-applicable,not-applicable,not-applicable,not-applicable
core.Scope.identity,Scope,exercised,not-applicable,"R01,R02,R03,R04,R05,R06,M01,M02,M06,T01,T02",core.Scope.identity,"SC-COL,SC-PROG,SC-MIS",1,identity=scope_id; opaque ids in the instance,wfh-008 alphabet R + M01 as parsed + T01/T02 (ledgered transitive),"git (themes.md, SCOPE.md) + forge",see instance + wfh-008-validate.py output,specified-not-enforced,n/a,not-applicable,not-applicable,not-applicable,not-applicable,not-applicable,not-applicable,not-applicable,not-applicable,not-applicable,not-applicable,not-applicable,not-applicable
core.Scope.form,Scope,exercised,not-applicable,"R01,R02,R03,R04,R05,R06,M01,M02,M06,T01,T02",core.Scope.form,"SC-COL,SC-PROG,SC-MIS",1,form=entity,wfh-008 alphabet R + M01 as parsed + T01/T02 (ledgered transitive),"git (themes.md, SCOPE.md) + forge",see instance + wfh-008-validate.py output,not-applicable,S3: form is undocumented in notation,not-applicable,not-applicable,not-applicable,not-applicable,not-applicable,not-applicable,not-applicable,not-applicable,not-applicable,not-applicable,not-applicable,not-applicable
core.Scope.status,Scope,exercised,not-applicable,"R01,R02,R03,R04,R05,R06,M01,M02,M06,T01,T02",core.Scope.status,none,not-applicable,"model status=OPEN; consumed as test input, not as permission to fill holes",wfh-008 alphabet R + M01 as parsed + T01/T02 (ledgered transitive),"git (themes.md, SCOPE.md) + forge",see instance + wfh-008-validate.py output,not-applicable,n/a,not-applicable,not-applicable,not-applicable,not-applicable,not-applicable,not-applicable,not-applicable,not-applicable,not-applicable,not-applicable,not-applicable,not-applicable
core.Scope.invariants,Scope,exercised,not-applicable,"R01,R02,R03,R04,R05,R06,M01,M02,M06,T01,T02",core.Scope.invariants,none,not-applicable,"cites ['I1', 'I17']",wfh-008 alphabet R + M01 as parsed + T01/T02 (ledgered transitive),"git (themes.md, SCOPE.md) + forge",see instance + wfh-008-validate.py output,see the invariant rows,n/a,not-applicable,not-applicable,not-applicable,not-applicable,not-applicable,not-applicable,not-applicable,not-applicable,not-applicable,not-applicable,not-applicable,not-applicable
core.Scope.fields.scope_type,Scope,exercised,not-applicable,"R01,R02,R03,R04,R05,R06,M01,M02,M06,T01,T02",core.Scope.fields.scope_type,"SC-COL,SC-PROG,SC-MIS,SC-TEAM",1,set on 4/4 instances,wfh-008 alphabet R + M01 as parsed + T01/T02 (ledgered transitive),"git (themes.md, SCOPE.md) + forge",see instance + wfh-008-validate.py output,specified-not-enforced,n/a,not-applicable,not-applicable,not-applicable,not-applicable,not-applicable,not-applicable,not-applicable,not-applicable,not-applicable,not-applicable,not-applicable,not-applicable
core.Scope.fields.name,Scope,exercised,not-applicable,"R01,R02,R03,R04,R05,R06,M01,M02,M06,T01,T02",core.Scope.fields.name,"SC-COL,SC-PROG,SC-MIS,SC-TEAM",1,set on 4/4 instances,wfh-008 alphabet R + M01 as parsed + T01/T02 (ledgered transitive),"git (themes.md, SCOPE.md) + forge",see instance + wfh-008-validate.py output,specified-not-enforced,n/a,not-applicable,not-applicable,not-applicable,not-applicable,not-applicable,not-applicable,not-applicable,not-applicable,not-applicable,not-applicable,not-applicable,not-applicable
core.Scope.fields.objective,Scope,exercised,not-applicable,"R01,R02,R03,R04,R05,R06,M01,M02,M06,T01,T02",core.Scope.fields.objective,"SC-COL,SC-PROG,SC-MIS,SC-TEAM",1,set on 4/4 instances,wfh-008 alphabet R + M01 as parsed + T01/T02 (ledgered transitive),"git (themes.md, SCOPE.md) + forge",see instance + wfh-008-validate.py output,specified-not-enforced,n/a,not-applicable,not-applicable,not-applicable,not-applicable,not-applicable,not-applicable,not-applicable,not-applicable,not-applicable,not-applicable,not-applicable,not-applicable
core.Scope.fields.authority_root_ref,Scope,construct-pressure,PR-SCOPE-AUTHORITY-ROOT,"R01,R02,R03,R04,R05,R06,M01,M02,M06,T01,T02",core.Scope.fields.authority_root_ref,"SC-COL,SC-PROG,SC-MIS,SC-TEAM",1,set on 4/4 Scopes and identical on all four (AC-OWNER) because a nested Scope holds no undelegated authority,wfh-008 alphabet R + M01 as parsed + T01/T02 (ledgered transitive),"git (themes.md, SCOPE.md) + forge",see instance + wfh-008-validate.py output,specified-not-enforced,pressure,model-defect,"SC-TEAM and SC-MIS are nested Scopes holding no undelegated authority, yet Scope.authority_root_ref is required and defined as 'holder of undelegated authority for this Scope'. Naming the owner makes the field non-informative on every nested Scope; naming the leader asserts undelegated authority the leader did not hold (authority laundering).","strained-representable: encoded as AC-OWNER on all four Scopes, so the field carries no information below the collective",not-applicable,not-applicable,not-applicable,not-applicable,not-applicable,yes,not-applicable,not-applicable,not-applicable
core.Scope.fields.effective_at,Scope,construct-pressure,PR-SCOPE-EFFECTIVE-AT,"R01,R02,R03,R04,R05,R06,M01,M02,M06,T01,T02",core.Scope.fields.effective_at,"SC-COL,SC-PROG,SC-MIS,SC-TEAM",1,set on 4/4; APPROXIMATED on ['SC-COL'],wfh-008 alphabet R + M01 as parsed + T01/T02 (ledgered transitive),"git (themes.md, SCOPE.md) + forge",see instance + wfh-008-validate.py output,specified-not-enforced,pressure,historical-evidence-gap,Scope.effective_at is required; the fixed alphabet establishes no founding date for the collective. Encoded as a lower bound from the earliest method commit 1a9b3d3 (2026-06-24) and marked _approx.,representable with an approximated value,not-applicable,not-applicable,not-applicable,not-applicable,not-applicable,yes,not-applicable,not-applicable,not-applicable
core.Scope.fields.expires_at,Scope,exercised,not-applicable,"R01,R02,R03,R04,R05,R06,M01,M02,M06,T01,T02",core.Scope.fields.expires_at,"SC-MIS,SC-TEAM",1,set on 2/4 instances,wfh-008 alphabet R + M01 as parsed + T01/T02 (ledgered transitive),"git (themes.md, SCOPE.md) + forge",see instance + wfh-008-validate.py output,specified-not-enforced,n/a,not-applicable,not-applicable,not-applicable,not-applicable,not-applicable,not-applicable,not-applicable,not-applicable,not-applicable,not-applicable,not-applicable,not-applicable
core.Scope.relations.parent,Scope,exercised,not-applicable,"R01,R02,R03,R04,R05,R06,M01,M02,M06,T01,T02",core.Scope.relations.parent,"SC-PROG,SC-MIS,SC-TEAM",1,"non-empty on 3/4; declared inverse, closed mechanically",wfh-008 alphabet R + M01 as parsed + T01/T02 (ledgered transitive),"git (themes.md, SCOPE.md) + forge",see instance + wfh-008-validate.py output,mechanically checkable and checked,n/a,not-applicable,not-applicable,not-applicable,not-applicable,not-applicable,not-applicable,not-applicable,not-applicable,not-applicable,not-applicable,not-applicable,not-applicable
core.Scope.relations.contains,Scope,exercised,not-applicable,"R01,R02,R03,R04,R05,R06,M01,M02,M06,T01,T02",core.Scope.relations.contains,"SC-COL,SC-PROG,SC-MIS",1,"non-empty on 3/4; declared inverse, closed mechanically",wfh-008 alphabet R + M01 as parsed + T01/T02 (ledgered transitive),"git (themes.md, SCOPE.md) + forge",see instance + wfh-008-validate.py output,mechanically checkable and checked,n/a,not-applicable,not-applicable,not-applicable,not-applicable,not-applicable,not-applicable,not-applicable,not-applicable,not-applicable,not-applicable,not-applicable,not-applicable
core.Scope.open[0],Scope,construct-pressure,not-applicable,"R01,R02,R03,R04,R05,R06,M01,M02,M06,T01,T02",core.Scope.open[0],none,not-applicable,type-specific constraints,wfh-008 alphabet R + M01 as parsed + T01/T02 (ledgered transitive),"git (themes.md, SCOPE.md) + forge",see instance + wfh-008-validate.py output,not-applicable,still-open,not-applicable,not-applicable,not-applicable,not-applicable,not-applicable,not-applicable,not-applicable,not-applicable,not-applicable,not-applicable,not-applicable,not-applicable
core.Scope.open[1],Scope,construct-pressure,not-applicable,"R01,R02,R03,R04,R05,R06,M01,M02,M06,T01,T02",core.Scope.open[1],none,not-applicable,federation,wfh-008 alphabet R + M01 as parsed + T01/T02 (ledgered transitive),"git (themes.md, SCOPE.md) + forge",see instance + wfh-008-validate.py output,not-applicable,still-open,not-applicable,not-applicable,not-applicable,not-applicable,not-applicable,not-applicable,not-applicable,not-applicable,not-applicable,not-applicable,not-applicable,not-applicable
core.Scope.open[2],Scope,construct-pressure,not-applicable,"R01,R02,R03,R04,R05,R06,M01,M02,M06,T01,T02",core.Scope.open[2],none,not-applicable,authority-root succession,wfh-008 alphabet R + M01 as parsed + T01/T02 (ledgered transitive),"git (themes.md, SCOPE.md) + forge",see instance + wfh-008-validate.py output,not-applicable,still-open,not-applicable,not-applicable,not-applicable,not-applicable,not-applicable,not-applicable,not-applicable,not-applicable,not-applicable,not-applicable,not-applicable,not-applicable
core.Scope.open[3],Scope,construct-pressure,not-applicable,"R01,R02,R03,R04,R05,R06,M01,M02,M06,T01,T02",core.Scope.open[3],none,not-applicable,termination and transfer,wfh-008 alphabet R + M01 as parsed + T01/T02 (ledgered transitive),"git (themes.md, SCOPE.md) + forge",see instance + wfh-008-validate.py output,not-applicable,still-open,not-applicable,not-applicable,not-applicable,not-applicable,not-applicable,not-applicable,not-applicable,not-applicable,not-applicable,not-applicable,not-applicable,not-applicable
core.Goal.versioned,Goal,exercised,not-applicable,"R01,R02,R03,R04,R05,R06,M01,M02,M06,T01,T02",core.Goal.versioned,"GO-WFH,GO-JURATI-SUBSTRATE",1,versioned=True; the checker enforces presence/absence of a version on every instance,wfh-008 alphabet R + M01 as parsed + T01/T02 (ledgered transitive),"git (themes.md, SCOPE.md)",see instance + wfh-008-validate.py output,mechanically checkable and checked,n/a,not-applicable,not-applicable,not-applicable,not-applicable,not-applicable,not-applicable,not-applicable,not-applicable,not-applicable,not-applicable,not-applicable,not-applicable
core.Goal.identity,Goal,exercised,not-applicable,"R01,R02,R03,R04,R05,R06,M01,M02,M06,T01,T02",core.Goal.identity,"GO-WFH,GO-JURATI-SUBSTRATE",1,identity=goal_id; opaque ids in the instance,wfh-008 alphabet R + M01 as parsed + T01/T02 (ledgered transitive),"git (themes.md, SCOPE.md)",see instance + wfh-008-validate.py output,specified-not-enforced,n/a,not-applicable,not-applicable,not-applicable,not-applicable,not-applicable,not-applicable,not-applicable,not-applicable,not-applicable,not-applicable,not-applicable,not-applicable
core.Goal.form,Goal,exercised,not-applicable,"R01,R02,R03,R04,R05,R06,M01,M02,M06,T01,T02",core.Goal.form,"GO-WFH,GO-JURATI-SUBSTRATE",1,form=entity,wfh-008 alphabet R + M01 as parsed + T01/T02 (ledgered transitive),"git (themes.md, SCOPE.md)",see instance + wfh-008-validate.py output,not-applicable,S3: form is undocumented in notation,not-applicable,not-applicable,not-applicable,not-applicable,not-applicable,not-applicable,not-applicable,not-applicable,not-applicable,not-applicable,not-applicable,not-applicable
core.Goal.status,Goal,exercised,not-applicable,"R01,R02,R03,R04,R05,R06,M01,M02,M06,T01,T02",core.Goal.status,none,not-applicable,"model status=RESOLVED; consumed as test input, not as permission to fill holes",wfh-008 alphabet R + M01 as parsed + T01/T02 (ledgered transitive),"git (themes.md, SCOPE.md)",see instance + wfh-008-validate.py output,not-applicable,n/a,not-applicable,not-applicable,not-applicable,not-applicable,not-applicable,not-applicable,not-applicable,not-applicable,not-applicable,not-applicable,not-applicable,not-applicable
core.Goal.invariants,Goal,exercised,not-applicable,"R01,R02,R03,R04,R05,R06,M01,M02,M06,T01,T02",core.Goal.invariants,none,not-applicable,cites ['I13'],wfh-008 alphabet R + M01 as parsed + T01/T02 (ledgered transitive),"git (themes.md, SCOPE.md)",see instance + wfh-008-validate.py output,see the invariant rows,n/a,not-applicable,not-applicable,not-applicable,not-applicable,not-applicable,not-applicable,not-applicable,not-applicable,not-applicable,not-applicable,not-applicable,not-applicable
core.Goal.fields.statement,Goal,exercised,not-applicable,"R01,R02,R03,R04,R05,R06,M01,M02,M06,T01,T02",core.Goal.fields.statement,"GO-WFH,GO-JURATI-SUBSTRATE",1,set on 2/2 instances,wfh-008 alphabet R + M01 as parsed + T01/T02 (ledgered transitive),"git (themes.md, SCOPE.md)",see instance + wfh-008-validate.py output,specified-not-enforced,n/a,not-applicable,not-applicable,not-applicable,not-applicable,not-applicable,not-applicable,not-applicable,not-applicable,not-applicable,not-applicable,not-applicable,not-applicable
core.Goal.fields.scope_ref,Goal,exercised,not-applicable,"R01,R02,R03,R04,R05,R06,M01,M02,M06,T01,T02",core.Goal.fields.scope_ref,"GO-WFH,GO-JURATI-SUBSTRATE",1,set on 2/2 instances,wfh-008 alphabet R + M01 as parsed + T01/T02 (ledgered transitive),"git (themes.md, SCOPE.md)",see instance + wfh-008-validate.py output,specified-not-enforced,n/a,not-applicable,not-applicable,not-applicable,not-applicable,not-applicable,not-applicable,not-applicable,not-applicable,not-applicable,not-applicable,not-applicable,not-applicable
core.Goal.fields.success_criteria,Goal,exercised,not-applicable,"R01,R02,R03,R04,R05,R06,M01,M02,M06,T01,T02",core.Goal.fields.success_criteria,"GO-WFH,GO-JURATI-SUBSTRATE",1,set on 2/2 instances,wfh-008 alphabet R + M01 as parsed + T01/T02 (ledgered transitive),"git (themes.md, SCOPE.md)",see instance + wfh-008-validate.py output,specified-not-enforced,n/a,not-applicable,not-applicable,not-applicable,not-applicable,not-applicable,not-applicable,not-applicable,not-applicable,not-applicable,not-applicable,not-applicable,not-applicable
core.Goal.fields.claim_floor,Goal,exercised,not-applicable,"R01,R02,R03,R04,R05,R06,M01,M02,M06,T01,T02",core.Goal.fields.claim_floor,"GO-WFH,GO-JURATI-SUBSTRATE",1,set on 2/2 instances,wfh-008 alphabet R + M01 as parsed + T01/T02 (ledgered transitive),"git (themes.md, SCOPE.md)",see instance + wfh-008-validate.py output,specified-not-enforced,n/a,not-applicable,not-applicable,not-applicable,not-applicable,not-applicable,not-applicable,not-applicable,not-applicable,not-applicable,not-applicable,not-applicable,not-applicable
core.Goal.fields.north_star,Goal,exercised,not-applicable,"R01,R02,R03,R04,R05,R06,M01,M02,M06,T01,T02",core.Goal.fields.north_star,"GO-WFH,GO-JURATI-SUBSTRATE",1,set on 2/2 instances,wfh-008 alphabet R + M01 as parsed + T01/T02 (ledgered transitive),"git (themes.md, SCOPE.md)",see instance + wfh-008-validate.py output,specified-not-enforced,n/a,not-applicable,not-applicable,not-applicable,not-applicable,not-applicable,not-applicable,not-applicable,not-applicable,not-applicable,not-applicable,not-applicable,not-applicable
core.Goal.fields.lifecycle_state,Goal,exercised,not-applicable,"R01,R02,R03,R04,R05,R06,M01,M02,M06,T01,T02",core.Goal.fields.lifecycle_state,"GO-WFH,GO-JURATI-SUBSTRATE",1,set on 2/2 instances,wfh-008 alphabet R + M01 as parsed + T01/T02 (ledgered transitive),"git (themes.md, SCOPE.md)",see instance + wfh-008-validate.py output,specified-not-enforced,n/a,not-applicable,not-applicable,not-applicable,not-applicable,not-applicable,not-applicable,not-applicable,not-applicable,not-applicable,not-applicable,not-applicable,not-applicable
core.Goal.relations.requires,Goal,not-applicable,not-applicable,"R01,R02,R03,R04,R05,R06,M01,M02,M06,T01,T02",core.Goal.relations.requires,none,not-applicable,empty on every instance - no historical occurrence,wfh-008 alphabet R + M01 as parsed + T01/T02 (ledgered transitive),"git (themes.md, SCOPE.md)",see instance + wfh-008-validate.py output,specified-not-enforced,missing-history,not-applicable,not-applicable,not-applicable,not-applicable,not-applicable,not-applicable,not-applicable,not-applicable,not-applicable,not-applicable,not-applicable,not-applicable
core.Goal.relations.is_advanced_by,Goal,not-applicable,not-applicable,"R01,R02,R03,R04,R05,R06,M01,M02,M06,T01,T02",core.Goal.relations.is_advanced_by,none,not-applicable,empty on every instance - no historical occurrence,wfh-008 alphabet R + M01 as parsed + T01/T02 (ledgered transitive),"git (themes.md, SCOPE.md)",see instance + wfh-008-validate.py output,specified-not-enforced,missing-history,not-applicable,not-applicable,not-applicable,not-applicable,not-applicable,not-applicable,not-applicable,not-applicable,not-applicable,not-applicable,not-applicable,not-applicable
core.Goal.relations.directs,Goal,exercised,not-applicable,"R01,R02,R03,R04,R05,R06,M01,M02,M06,T01,T02",core.Goal.relations.directs,"GO-WFH,GO-JURATI-SUBSTRATE",1,"non-empty on 2/2; declared inverse, closed mechanically",wfh-008 alphabet R + M01 as parsed + T01/T02 (ledgered transitive),"git (themes.md, SCOPE.md)",see instance + wfh-008-validate.py output,mechanically checkable and checked,n/a,not-applicable,not-applicable,not-applicable,not-applicable,not-applicable,not-applicable,not-applicable,not-applicable,not-applicable,not-applicable,not-applicable,not-applicable
core.Capability.versioned,Capability,exercised,not-applicable,"R01,R02,R03,R04,R05,R06,M01,M02,M06,T01,T02",core.Capability.versioned,none,not-applicable,versioned=True; the checker enforces presence/absence of a version on every instance,wfh-008 alphabet R + M01 as parsed + T01/T02 (ledgered transitive),none - no instance,see instance + wfh-008-validate.py output,mechanically checkable and checked,n/a,not-applicable,not-applicable,not-applicable,not-applicable,not-applicable,not-applicable,not-applicable,not-applicable,not-applicable,not-applicable,not-applicable,not-applicable
core.Capability.identity,Capability,not-applicable,not-applicable,"R01,R02,R03,R04,R05,R06,M01,M02,M06,T01,T02",core.Capability.identity,none,not-applicable,identity=capability_id; opaque ids in the instance,wfh-008 alphabet R + M01 as parsed + T01/T02 (ledgered transitive),none - no instance,see instance + wfh-008-validate.py output,specified-not-enforced,n/a,not-applicable,not-applicable,not-applicable,not-applicable,not-applicable,not-applicable,not-applicable,not-applicable,not-applicable,not-applicable,not-applicable,not-applicable
core.Capability.form,Capability,not-applicable,not-applicable,"R01,R02,R03,R04,R05,R06,M01,M02,M06,T01,T02",core.Capability.form,none,not-applicable,form=entity,wfh-008 alphabet R + M01 as parsed + T01/T02 (ledgered transitive),none - no instance,see instance + wfh-008-validate.py output,not-applicable,S3: form is undocumented in notation,not-applicable,not-applicable,not-applicable,not-applicable,not-applicable,not-applicable,not-applicable,not-applicable,not-applicable,not-applicable,not-applicable,not-applicable
core.Capability.status,Capability,not-applicable,not-applicable,"R01,R02,R03,R04,R05,R06,M01,M02,M06,T01,T02",core.Capability.status,none,not-applicable,"model status=RESOLVED; consumed as test input, not as permission to fill holes",wfh-008 alphabet R + M01 as parsed + T01/T02 (ledgered transitive),none - no instance,see instance + wfh-008-validate.py output,not-applicable,n/a,not-applicable,not-applicable,not-applicable,not-applicable,not-applicable,not-applicable,not-applicable,not-applicable,not-applicable,not-applicable,not-applicable,not-applicable
core.Capability.invariants,Capability,not-applicable,not-applicable,"R01,R02,R03,R04,R05,R06,M01,M02,M06,T01,T02",core.Capability.invariants,none,not-applicable,"cites ['I9', 'I13', 'I14']",wfh-008 alphabet R + M01 as parsed + T01/T02 (ledgered transitive),none - no instance,see instance + wfh-008-validate.py output,see the invariant rows,n/a,not-applicable,not-applicable,not-applicable,not-applicable,not-applicable,not-applicable,not-applicable,not-applicable,not-applicable,not-applicable,not-applicable,not-applicable
core.Capability.fields.name,Capability,not-applicable,PR-CAPABILITY-ABSENT,"R01,R02,R03,R04,R05,R06,M01,M02,M06,T01,T02",core.Capability.fields.name,none,not-applicable,no Capability instance in this case,wfh-008 alphabet R + M01 as parsed + T01/T02 (ledgered transitive),none - no instance,see instance + wfh-008-validate.py output,not-applicable,missing-history,historical-evidence-gap; model-defect,"R01 states the capability target is 'proposed jurati-arch-002 - no Unimatrix capability id'. V5's Capability requires name, observable_behavior, scope_ref, done_when and grade. The alphabet supplies none of observable_behavior or done_when, and inventing them is forbidden. Capability also has no lifecycle_state field (Goal, Actor and Record all do) and no admissible 'proposed / not yet specified' state, so a Goal may name a capability target that the model cannot represent at all.","NOT REPRESENTABLE: zero Capability instances. I9, I13, I14, capability_classification, Capability.composed_of/prerequisite_of/delivered_by/enabled_by, Unit.delivers, Technology.enables and Goal.claim_floor are all VACUOUS in this case.",not-proposed,the only reason to invent an observable_behavior and a done_when here is to make V5 pass - the circular candidate the amendment forbids; see CF-REJECTED,not-applicable,not-applicable,not-applicable,no,not-applicable,not-applicable,"whether V5 needs a proposed/unspecified Capability state, or whether the project is right that a capability id is created only when a behavior is identified, is not decidable from one case"
core.Capability.fields.observable_behavior,Capability,not-applicable,PR-CAPABILITY-ABSENT,"R01,R02,R03,R04,R05,R06,M01,M02,M06,T01,T02",core.Capability.fields.observable_behavior,none,not-applicable,no Capability instance in this case,wfh-008 alphabet R + M01 as parsed + T01/T02 (ledgered transitive),none - no instance,see instance + wfh-008-validate.py output,not-applicable,missing-history,historical-evidence-gap; model-defect,"R01 states the capability target is 'proposed jurati-arch-002 - no Unimatrix capability id'. V5's Capability requires name, observable_behavior, scope_ref, done_when and grade. The alphabet supplies none of observable_behavior or done_when, and inventing them is forbidden. Capability also has no lifecycle_state field (Goal, Actor and Record all do) and no admissible 'proposed / not yet specified' state, so a Goal may name a capability target that the model cannot represent at all.","NOT REPRESENTABLE: zero Capability instances. I9, I13, I14, capability_classification, Capability.composed_of/prerequisite_of/delivered_by/enabled_by, Unit.delivers, Technology.enables and Goal.claim_floor are all VACUOUS in this case.",not-proposed,the only reason to invent an observable_behavior and a done_when here is to make V5 pass - the circular candidate the amendment forbids; see CF-REJECTED,not-applicable,not-applicable,not-applicable,no,not-applicable,not-applicable,"whether V5 needs a proposed/unspecified Capability state, or whether the project is right that a capability id is created only when a behavior is identified, is not decidable from one case"
core.Capability.fields.scope_ref,Capability,not-applicable,PR-CAPABILITY-ABSENT,"R01,R02,R03,R04,R05,R06,M01,M02,M06,T01,T02",core.Capability.fields.scope_ref,none,not-applicable,no Capability instance in this case,wfh-008 alphabet R + M01 as parsed + T01/T02 (ledgered transitive),none - no instance,see instance + wfh-008-validate.py output,not-applicable,missing-history,historical-evidence-gap; model-defect,"R01 states the capability target is 'proposed jurati-arch-002 - no Unimatrix capability id'. V5's Capability requires name, observable_behavior, scope_ref, done_when and grade. The alphabet supplies none of observable_behavior or done_when, and inventing them is forbidden. Capability also has no lifecycle_state field (Goal, Actor and Record all do) and no admissible 'proposed / not yet specified' state, so a Goal may name a capability target that the model cannot represent at all.","NOT REPRESENTABLE: zero Capability instances. I9, I13, I14, capability_classification, Capability.composed_of/prerequisite_of/delivered_by/enabled_by, Unit.delivers, Technology.enables and Goal.claim_floor are all VACUOUS in this case.",not-proposed,the only reason to invent an observable_behavior and a done_when here is to make V5 pass - the circular candidate the amendment forbids; see CF-REJECTED,not-applicable,not-applicable,not-applicable,no,not-applicable,not-applicable,"whether V5 needs a proposed/unspecified Capability state, or whether the project is right that a capability id is created only when a behavior is identified, is not decidable from one case"
core.Capability.fields.classification_refs,Capability,not-applicable,PR-CAPABILITY-ABSENT,"R01,R02,R03,R04,R05,R06,M01,M02,M06,T01,T02",core.Capability.fields.classification_refs,none,not-applicable,no Capability instance in this case,wfh-008 alphabet R + M01 as parsed + T01/T02 (ledgered transitive),none - no instance,see instance + wfh-008-validate.py output,not-applicable,missing-history,historical-evidence-gap; model-defect,"R01 states the capability target is 'proposed jurati-arch-002 - no Unimatrix capability id'. V5's Capability requires name, observable_behavior, scope_ref, done_when and grade. The alphabet supplies none of observable_behavior or done_when, and inventing them is forbidden. Capability also has no lifecycle_state field (Goal, Actor and Record all do) and no admissible 'proposed / not yet specified' state, so a Goal may name a capability target that the model cannot represent at all.","NOT REPRESENTABLE: zero Capability instances. I9, I13, I14, capability_classification, Capability.composed_of/prerequisite_of/delivered_by/enabled_by, Unit.delivers, Technology.enables and Goal.claim_floor are all VACUOUS in this case.",not-proposed,the only reason to invent an observable_behavior and a done_when here is to make V5 pass - the circular candidate the amendment forbids; see CF-REJECTED,not-applicable,not-applicable,not-applicable,no,not-applicable,not-applicable,"whether V5 needs a proposed/unspecified Capability state, or whether the project is right that a capability id is created only when a behavior is identified, is not decidable from one case"
core.Capability.fields.done_when,Capability,not-applicable,PR-CAPABILITY-ABSENT,"R01,R02,R03,R04,R05,R06,M01,M02,M06,T01,T02",core.Capability.fields.done_when,none,not-applicable,no Capability instance in this case,wfh-008 alphabet R + M01 as parsed + T01/T02 (ledgered transitive),none - no instance,see instance + wfh-008-validate.py output,not-applicable,missing-history,historical-evidence-gap; model-defect,"R01 states the capability target is 'proposed jurati-arch-002 - no Unimatrix capability id'. V5's Capability requires name, observable_behavior, scope_ref, done_when and grade. The alphabet supplies none of observable_behavior or done_when, and inventing them is forbidden. Capability also has no lifecycle_state field (Goal, Actor and Record all do) and no admissible 'proposed / not yet specified' state, so a Goal may name a capability target that the model cannot represent at all.","NOT REPRESENTABLE: zero Capability instances. I9, I13, I14, capability_classification, Capability.composed_of/prerequisite_of/delivered_by/enabled_by, Unit.delivers, Technology.enables and Goal.claim_floor are all VACUOUS in this case.",not-proposed,the only reason to invent an observable_behavior and a done_when here is to make V5 pass - the circular candidate the amendment forbids; see CF-REJECTED,not-applicable,not-applicable,not-applicable,no,not-applicable,not-applicable,"whether V5 needs a proposed/unspecified Capability state, or whether the project is right that a capability id is created only when a behavior is identified, is not decidable from one case"
core.Capability.fields.grade,Capability,not-applicable,PR-CAPABILITY-ABSENT,"R01,R02,R03,R04,R05,R06,M01,M02,M06,T01,T02",core.Capability.fields.grade,none,not-applicable,no Capability instance in this case,wfh-008 alphabet R + M01 as parsed + T01/T02 (ledgered transitive),none - no instance,see instance + wfh-008-validate.py output,not-applicable,missing-history,historical-evidence-gap; model-defect,"R01 states the capability target is 'proposed jurati-arch-002 - no Unimatrix capability id'. V5's Capability requires name, observable_behavior, scope_ref, done_when and grade. The alphabet supplies none of observable_behavior or done_when, and inventing them is forbidden. Capability also has no lifecycle_state field (Goal, Actor and Record all do) and no admissible 'proposed / not yet specified' state, so a Goal may name a capability target that the model cannot represent at all.","NOT REPRESENTABLE: zero Capability instances. I9, I13, I14, capability_classification, Capability.composed_of/prerequisite_of/delivered_by/enabled_by, Unit.delivers, Technology.enables and Goal.claim_floor are all VACUOUS in this case.",not-proposed,the only reason to invent an observable_behavior and a done_when here is to make V5 pass - the circular candidate the amendment forbids; see CF-REJECTED,not-applicable,not-applicable,not-applicable,no,not-applicable,not-applicable,"whether V5 needs a proposed/unspecified Capability state, or whether the project is right that a capability id is created only when a behavior is identified, is not decidable from one case"
core.Capability.fields.evidence_record_refs,Capability,not-applicable,PR-CAPABILITY-ABSENT,"R01,R02,R03,R04,R05,R06,M01,M02,M06,T01,T02",core.Capability.fields.evidence_record_refs,none,not-applicable,no Capability instance in this case,wfh-008 alphabet R + M01 as parsed + T01/T02 (ledgered transitive),none - no instance,see instance + wfh-008-validate.py output,not-applicable,missing-history,historical-evidence-gap; model-defect,"R01 states the capability target is 'proposed jurati-arch-002 - no Unimatrix capability id'. V5's Capability requires name, observable_behavior, scope_ref, done_when and grade. The alphabet supplies none of observable_behavior or done_when, and inventing them is forbidden. Capability also has no lifecycle_state field (Goal, Actor and Record all do) and no admissible 'proposed / not yet specified' state, so a Goal may name a capability target that the model cannot represent at all.","NOT REPRESENTABLE: zero Capability instances. I9, I13, I14, capability_classification, Capability.composed_of/prerequisite_of/delivered_by/enabled_by, Unit.delivers, Technology.enables and Goal.claim_floor are all VACUOUS in this case.",not-proposed,the only reason to invent an observable_behavior and a done_when here is to make V5 pass - the circular candidate the amendment forbids; see CF-REJECTED,not-applicable,not-applicable,not-applicable,no,not-applicable,not-applicable,"whether V5 needs a proposed/unspecified Capability state, or whether the project is right that a capability id is created only when a behavior is identified, is not decidable from one case"
core.Capability.relations.required_by,Capability,not-applicable,PR-CAPABILITY-ABSENT,"R01,R02,R03,R04,R05,R06,M01,M02,M06,T01,T02",core.Capability.relations.required_by,none,not-applicable,no Capability instance,wfh-008 alphabet R + M01 as parsed + T01/T02 (ledgered transitive),none - no instance,see instance + wfh-008-validate.py output,not-applicable,missing-history,historical-evidence-gap; model-defect,"R01 states the capability target is 'proposed jurati-arch-002 - no Unimatrix capability id'. V5's Capability requires name, observable_behavior, scope_ref, done_when and grade. The alphabet supplies none of observable_behavior or done_when, and inventing them is forbidden. Capability also has no lifecycle_state field (Goal, Actor and Record all do) and no admissible 'proposed / not yet specified' state, so a Goal may name a capability target that the model cannot represent at all.","NOT REPRESENTABLE: zero Capability instances. I9, I13, I14, capability_classification, Capability.composed_of/prerequisite_of/delivered_by/enabled_by, Unit.delivers, Technology.enables and Goal.claim_floor are all VACUOUS in this case.",not-proposed,the only reason to invent an observable_behavior and a done_when here is to make V5 pass - the circular candidate the amendment forbids; see CF-REJECTED,not-applicable,not-applicable,not-applicable,no,not-applicable,not-applicable,"whether V5 needs a proposed/unspecified Capability state, or whether the project is right that a capability id is created only when a behavior is identified, is not decidable from one case"
core.Capability.relations.advances,Capability,not-applicable,PR-CAPABILITY-ABSENT,"R01,R02,R03,R04,R05,R06,M01,M02,M06,T01,T02",core.Capability.relations.advances,none,not-applicable,no Capability instance,wfh-008 alphabet R + M01 as parsed + T01/T02 (ledgered transitive),none - no instance,see instance + wfh-008-validate.py output,not-applicable,missing-history,historical-evidence-gap; model-defect,"R01 states the capability target is 'proposed jurati-arch-002 - no Unimatrix capability id'. V5's Capability requires name, observable_behavior, scope_ref, done_when and grade. The alphabet supplies none of observable_behavior or done_when, and inventing them is forbidden. Capability also has no lifecycle_state field (Goal, Actor and Record all do) and no admissible 'proposed / not yet specified' state, so a Goal may name a capability target that the model cannot represent at all.","NOT REPRESENTABLE: zero Capability instances. I9, I13, I14, capability_classification, Capability.composed_of/prerequisite_of/delivered_by/enabled_by, Unit.delivers, Technology.enables and Goal.claim_floor are all VACUOUS in this case.",not-proposed,the only reason to invent an observable_behavior and a done_when here is to make V5 pass - the circular candidate the amendment forbids; see CF-REJECTED,not-applicable,not-applicable,not-applicable,no,not-applicable,not-applicable,"whether V5 needs a proposed/unspecified Capability state, or whether the project is right that a capability id is created only when a behavior is identified, is not decidable from one case"
core.Capability.relations.composed_of,Capability,not-applicable,PR-CAPABILITY-ABSENT,"R01,R02,R03,R04,R05,R06,M01,M02,M06,T01,T02",core.Capability.relations.composed_of,none,not-applicable,no Capability instance,wfh-008 alphabet R + M01 as parsed + T01/T02 (ledgered transitive),none - no instance,see instance + wfh-008-validate.py output,not-applicable,missing-history,historical-evidence-gap; model-defect,"R01 states the capability target is 'proposed jurati-arch-002 - no Unimatrix capability id'. V5's Capability requires name, observable_behavior, scope_ref, done_when and grade. The alphabet supplies none of observable_behavior or done_when, and inventing them is forbidden. Capability also has no lifecycle_state field (Goal, Actor and Record all do) and no admissible 'proposed / not yet specified' state, so a Goal may name a capability target that the model cannot represent at all.","NOT REPRESENTABLE: zero Capability instances. I9, I13, I14, capability_classification, Capability.composed_of/prerequisite_of/delivered_by/enabled_by, Unit.delivers, Technology.enables and Goal.claim_floor are all VACUOUS in this case.",not-proposed,the only reason to invent an observable_behavior and a done_when here is to make V5 pass - the circular candidate the amendment forbids; see CF-REJECTED,not-applicable,not-applicable,not-applicable,no,not-applicable,not-applicable,"whether V5 needs a proposed/unspecified Capability state, or whether the project is right that a capability id is created only when a behavior is identified, is not decidable from one case"
core.Capability.relations.prerequisite_of,Capability,not-applicable,PR-CAPABILITY-ABSENT,"R01,R02,R03,R04,R05,R06,M01,M02,M06,T01,T02",core.Capability.relations.prerequisite_of,none,not-applicable,no Capability instance,wfh-008 alphabet R + M01 as parsed + T01/T02 (ledgered transitive),none - no instance,see instance + wfh-008-validate.py output,not-applicable,missing-history,historical-evidence-gap; model-defect,"R01 states the capability target is 'proposed jurati-arch-002 - no Unimatrix capability id'. V5's Capability requires name, observable_behavior, scope_ref, done_when and grade. The alphabet supplies none of observable_behavior or done_when, and inventing them is forbidden. Capability also has no lifecycle_state field (Goal, Actor and Record all do) and no admissible 'proposed / not yet specified' state, so a Goal may name a capability target that the model cannot represent at all.","NOT REPRESENTABLE: zero Capability instances. I9, I13, I14, capability_classification, Capability.composed_of/prerequisite_of/delivered_by/enabled_by, Unit.delivers, Technology.enables and Goal.claim_floor are all VACUOUS in this case.",not-proposed,the only reason to invent an observable_behavior and a done_when here is to make V5 pass - the circular candidate the amendment forbids; see CF-REJECTED,not-applicable,not-applicable,not-applicable,no,not-applicable,not-applicable,"whether V5 needs a proposed/unspecified Capability state, or whether the project is right that a capability id is created only when a behavior is identified, is not decidable from one case"
core.Capability.relations.delivered_by,Capability,not-applicable,PR-CAPABILITY-ABSENT,"R01,R02,R03,R04,R05,R06,M01,M02,M06,T01,T02",core.Capability.relations.delivered_by,none,not-applicable,no Capability instance,wfh-008 alphabet R + M01 as parsed + T01/T02 (ledgered transitive),none - no instance,see instance + wfh-008-validate.py output,not-applicable,missing-history,historical-evidence-gap; model-defect,"R01 states the capability target is 'proposed jurati-arch-002 - no Unimatrix capability id'. V5's Capability requires name, observable_behavior, scope_ref, done_when and grade. The alphabet supplies none of observable_behavior or done_when, and inventing them is forbidden. Capability also has no lifecycle_state field (Goal, Actor and Record all do) and no admissible 'proposed / not yet specified' state, so a Goal may name a capability target that the model cannot represent at all.","NOT REPRESENTABLE: zero Capability instances. I9, I13, I14, capability_classification, Capability.composed_of/prerequisite_of/delivered_by/enabled_by, Unit.delivers, Technology.enables and Goal.claim_floor are all VACUOUS in this case.",not-proposed,the only reason to invent an observable_behavior and a done_when here is to make V5 pass - the circular candidate the amendment forbids; see CF-REJECTED,not-applicable,not-applicable,not-applicable,no,not-applicable,not-applicable,"whether V5 needs a proposed/unspecified Capability state, or whether the project is right that a capability id is created only when a behavior is identified, is not decidable from one case"
core.Capability.relations.enabled_by,Capability,not-applicable,PR-CAPABILITY-ABSENT,"R01,R02,R03,R04,R05,R06,M01,M02,M06,T01,T02",core.Capability.relations.enabled_by,none,not-applicable,no Capability instance,wfh-008 alphabet R + M01 as parsed + T01/T02 (ledgered transitive),none - no instance,see instance + wfh-008-validate.py output,not-applicable,missing-history,historical-evidence-gap; model-defect,"R01 states the capability target is 'proposed jurati-arch-002 - no Unimatrix capability id'. V5's Capability requires name, observable_behavior, scope_ref, done_when and grade. The alphabet supplies none of observable_behavior or done_when, and inventing them is forbidden. Capability also has no lifecycle_state field (Goal, Actor and Record all do) and no admissible 'proposed / not yet specified' state, so a Goal may name a capability target that the model cannot represent at all.","NOT REPRESENTABLE: zero Capability instances. I9, I13, I14, capability_classification, Capability.composed_of/prerequisite_of/delivered_by/enabled_by, Unit.delivers, Technology.enables and Goal.claim_floor are all VACUOUS in this case.",not-proposed,the only reason to invent an observable_behavior and a done_when here is to make V5 pass - the circular candidate the amendment forbids; see CF-REJECTED,not-applicable,not-applicable,not-applicable,no,not-applicable,not-applicable,"whether V5 needs a proposed/unspecified Capability state, or whether the project is right that a capability id is created only when a behavior is identified, is not decidable from one case"
core.Capability.extension_owner.behavior_schema,Capability,exercised,PR-I19-BINDING-ALTITUDE,"R01,R02,R03,R04,R05,R06,M01,M02,M06,T01,T02",core.Capability.extension_owner.behavior_schema,registry_extensions,1,owner=program; exercised by the program-owned registry extensions in this instance,wfh-008 alphabet R + M01 as parsed + T01/T02 (ledgered transitive),none - no instance,see instance + wfh-008-validate.py output,specified-not-enforced,S6: I19 binds from Workflow only,model-defect,"I19 (program extensions may not weaken common invariants) is cited by Workflow ALONE, yet this instance registers program-owned extensions on unit_kind, record_category, effect_class and event_type - owned by Workflow, Scope, Scope and the registry respectively. Three of the four owners are not Workflow, so nothing binds I19 to them. Review finding S6 raised exactly this and it is unresolved in the pinned file.","representable; the extensions conform, and no per-construct binding required them to",not-applicable,not-applicable,not-applicable,not-applicable,not-applicable,yes,not-applicable,not-applicable,not-applicable
core.Capability.extension_owner.evidence_bar,Capability,exercised,PR-I19-BINDING-ALTITUDE,"R01,R02,R03,R04,R05,R06,M01,M02,M06,T01,T02",core.Capability.extension_owner.evidence_bar,registry_extensions,1,owner=program; exercised by the program-owned registry extensions in this instance,wfh-008 alphabet R + M01 as parsed + T01/T02 (ledgered transitive),none - no instance,see instance + wfh-008-validate.py output,specified-not-enforced,S6: I19 binds from Workflow only,model-defect,"I19 (program extensions may not weaken common invariants) is cited by Workflow ALONE, yet this instance registers program-owned extensions on unit_kind, record_category, effect_class and event_type - owned by Workflow, Scope, Scope and the registry respectively. Three of the four owners are not Workflow, so nothing binds I19 to them. Review finding S6 raised exactly this and it is unresolved in the pinned file.","representable; the extensions conform, and no per-construct binding required them to",not-applicable,not-applicable,not-applicable,not-applicable,not-applicable,yes,not-applicable,not-applicable,not-applicable
core.Capability.extension_owner.classification,Capability,exercised,PR-I19-BINDING-ALTITUDE,"R01,R02,R03,R04,R05,R06,M01,M02,M06,T01,T02",core.Capability.extension_owner.classification,registry_extensions,1,owner=registry; exercised by the program-owned registry extensions in this instance,wfh-008 alphabet R + M01 as parsed + T01/T02 (ledgered transitive),none - no instance,see instance + wfh-008-validate.py output,specified-not-enforced,S6: I19 binds from Workflow only,model-defect,"I19 (program extensions may not weaken common invariants) is cited by Workflow ALONE, yet this instance registers program-owned extensions on unit_kind, record_category, effect_class and event_type - owned by Workflow, Scope, Scope and the registry respectively. Three of the four owners are not Workflow, so nothing binds I19 to them. Review finding S6 raised exactly this and it is unresolved in the pinned file.","representable; the extensions conform, and no per-construct binding required them to",not-applicable,not-applicable,not-applicable,not-applicable,not-applicable,yes,not-applicable,not-applicable,not-applicable
core.Capability.open[0],Capability,not-applicable,PR-CAPABILITY-ABSENT,"R01,R02,R03,R04,R05,R06,M01,M02,M06,T01,T02",core.Capability.open[0],none,not-applicable,recursive evidence rollup,wfh-008 alphabet R + M01 as parsed + T01/T02 (ledgered transitive),none - no instance,see instance + wfh-008-validate.py output,not-applicable,not-exercised,historical-evidence-gap; model-defect,"R01 states the capability target is 'proposed jurati-arch-002 - no Unimatrix capability id'. V5's Capability requires name, observable_behavior, scope_ref, done_when and grade. The alphabet supplies none of observable_behavior or done_when, and inventing them is forbidden. Capability also has no lifecycle_state field (Goal, Actor and Record all do) and no admissible 'proposed / not yet specified' state, so a Goal may name a capability target that the model cannot represent at all.","NOT REPRESENTABLE: zero Capability instances. I9, I13, I14, capability_classification, Capability.composed_of/prerequisite_of/delivered_by/enabled_by, Unit.delivers, Technology.enables and Goal.claim_floor are all VACUOUS in this case.",not-proposed,the only reason to invent an observable_behavior and a done_when here is to make V5 pass - the circular candidate the amendment forbids; see CF-REJECTED,not-applicable,not-applicable,not-applicable,no,not-applicable,not-applicable,"whether V5 needs a proposed/unspecified Capability state, or whether the project is right that a capability id is created only when a behavior is identified, is not decidable from one case"
core.Capability.open[1],Capability,not-applicable,PR-CAPABILITY-ABSENT,"R01,R02,R03,R04,R05,R06,M01,M02,M06,T01,T02",core.Capability.open[1],none,not-applicable,parent-child done_when,wfh-008 alphabet R + M01 as parsed + T01/T02 (ledgered transitive),none - no instance,see instance + wfh-008-validate.py output,not-applicable,not-exercised,historical-evidence-gap; model-defect,"R01 states the capability target is 'proposed jurati-arch-002 - no Unimatrix capability id'. V5's Capability requires name, observable_behavior, scope_ref, done_when and grade. The alphabet supplies none of observable_behavior or done_when, and inventing them is forbidden. Capability also has no lifecycle_state field (Goal, Actor and Record all do) and no admissible 'proposed / not yet specified' state, so a Goal may name a capability target that the model cannot represent at all.","NOT REPRESENTABLE: zero Capability instances. I9, I13, I14, capability_classification, Capability.composed_of/prerequisite_of/delivered_by/enabled_by, Unit.delivers, Technology.enables and Goal.claim_floor are all VACUOUS in this case.",not-proposed,the only reason to invent an observable_behavior and a done_when here is to make V5 pass - the circular candidate the amendment forbids; see CF-REJECTED,not-applicable,not-applicable,not-applicable,no,not-applicable,not-applicable,"whether V5 needs a proposed/unspecified Capability state, or whether the project is right that a capability id is created only when a behavior is identified, is not decidable from one case"
core.Capability.open[2],Capability,not-applicable,PR-CAPABILITY-ABSENT,"R01,R02,R03,R04,R05,R06,M01,M02,M06,T01,T02",core.Capability.open[2],none,not-applicable,Scope expiry,wfh-008 alphabet R + M01 as parsed + T01/T02 (ledgered transitive),none - no instance,see instance + wfh-008-validate.py output,not-applicable,not-exercised,historical-evidence-gap; model-defect,"R01 states the capability target is 'proposed jurati-arch-002 - no Unimatrix capability id'. V5's Capability requires name, observable_behavior, scope_ref, done_when and grade. The alphabet supplies none of observable_behavior or done_when, and inventing them is forbidden. Capability also has no lifecycle_state field (Goal, Actor and Record all do) and no admissible 'proposed / not yet specified' state, so a Goal may name a capability target that the model cannot represent at all.","NOT REPRESENTABLE: zero Capability instances. I9, I13, I14, capability_classification, Capability.composed_of/prerequisite_of/delivered_by/enabled_by, Unit.delivers, Technology.enables and Goal.claim_floor are all VACUOUS in this case.",not-proposed,the only reason to invent an observable_behavior and a done_when here is to make V5 pass - the circular candidate the amendment forbids; see CF-REJECTED,not-applicable,not-applicable,not-applicable,no,not-applicable,not-applicable,"whether V5 needs a proposed/unspecified Capability state, or whether the project is right that a capability id is created only when a behavior is identified, is not decidable from one case"
core.Actor.versioned,Actor,construct-pressure,PR-ACTOR-CONTINUITY,"R01,R02,R03,R04,R05,R06,M01,M02,M06,T01,T02",core.Actor.versioned,"AC-LEAD-1,AC-LEAD-2",1,"Actor is versioned:false, so the original and replacement leaders cannot be one identity with two revisions; encoded as AC-LEAD-1 and AC-LEAD-2, a choice the model does not force either way",wfh-008 alphabet R + M01 as parsed + T01/T02 (ledgered transitive),self-asserted; git author/committer and one forge account,see instance + wfh-008-validate.py output,not-applicable,still-open,model-defect; historical-evidence-gap,"AC-LEAD-1 and AC-LEAD-2 share declared_identity 'research-leader' and operate the same Unit under two Delegations. Actor is versioned:false and its own open list names 'replacement and continuity'. The model cannot say whether these are one Actor or two, and the case cannot decide it either.",encoded as two Actors; the choice is unforced by the model,not-applicable,not-applicable,not-applicable,not-applicable,not-applicable,yes,not-applicable,not-applicable,"one Actor with a lifecycle, or two Actors with a handover relation - the alphabet does not discriminate"
core.Actor.identity,Actor,exercised,not-applicable,"R01,R02,R03,R04,R05,R06,M01,M02,M06,T01,T02",core.Actor.identity,"AC-OWNER,AC-COORD,AC-LEAD-1",1,identity=actor_id; opaque ids in the instance,wfh-008 alphabet R + M01 as parsed + T01/T02 (ledgered transitive),self-asserted; git author/committer and one forge account,see instance + wfh-008-validate.py output,specified-not-enforced,n/a,not-applicable,not-applicable,not-applicable,not-applicable,not-applicable,not-applicable,not-applicable,not-applicable,not-applicable,not-applicable,not-applicable,not-applicable
core.Actor.form,Actor,exercised,not-applicable,"R01,R02,R03,R04,R05,R06,M01,M02,M06,T01,T02",core.Actor.form,"AC-OWNER,AC-COORD,AC-LEAD-1",1,form=entity,wfh-008 alphabet R + M01 as parsed + T01/T02 (ledgered transitive),self-asserted; git author/committer and one forge account,see instance + wfh-008-validate.py output,not-applicable,S3: form is undocumented in notation,not-applicable,not-applicable,not-applicable,not-applicable,not-applicable,not-applicable,not-applicable,not-applicable,not-applicable,not-applicable,not-applicable,not-applicable
core.Actor.status,Actor,exercised,not-applicable,"R01,R02,R03,R04,R05,R06,M01,M02,M06,T01,T02",core.Actor.status,none,not-applicable,"model status=OPEN; consumed as test input, not as permission to fill holes",wfh-008 alphabet R + M01 as parsed + T01/T02 (ledgered transitive),self-asserted; git author/committer and one forge account,see instance + wfh-008-validate.py output,not-applicable,n/a,not-applicable,not-applicable,not-applicable,not-applicable,not-applicable,not-applicable,not-applicable,not-applicable,not-applicable,not-applicable,not-applicable,not-applicable
core.Actor.invariants,Actor,exercised,not-applicable,"R01,R02,R03,R04,R05,R06,M01,M02,M06,T01,T02",core.Actor.invariants,none,not-applicable,"cites ['I10', 'I12', 'I17']",wfh-008 alphabet R + M01 as parsed + T01/T02 (ledgered transitive),self-asserted; git author/committer and one forge account,see instance + wfh-008-validate.py output,see the invariant rows,n/a,not-applicable,not-applicable,not-applicable,not-applicable,not-applicable,not-applicable,not-applicable,not-applicable,not-applicable,not-applicable,not-applicable,not-applicable
core.Actor.fields.name,Actor,exercised,not-applicable,"R01,R02,R03,R04,R05,R06,M01,M02,M06,T01,T02",core.Actor.fields.name,"AC-OWNER,AC-COORD,AC-LEAD-1,AC-LEAD-2,AC-RES-W1,AC-RES-W2",1,set on 24/24 instances,wfh-008 alphabet R + M01 as parsed + T01/T02 (ledgered transitive),self-asserted; git author/committer and one forge account,see instance + wfh-008-validate.py output,specified-not-enforced,n/a,not-applicable,not-applicable,not-applicable,not-applicable,not-applicable,not-applicable,not-applicable,not-applicable,not-applicable,not-applicable,not-applicable,not-applicable
core.Actor.fields.actor_type,Actor,exercised,not-applicable,"R01,R02,R03,R04,R05,R06,M01,M02,M06,T01,T02",core.Actor.fields.actor_type,"AC-OWNER,AC-COORD,AC-LEAD-1,AC-LEAD-2,AC-RES-W1,AC-RES-W2",1,set on 24/24 instances,wfh-008 alphabet R + M01 as parsed + T01/T02 (ledgered transitive),self-asserted; git author/committer and one forge account,see instance + wfh-008-validate.py output,specified-not-enforced,n/a,not-applicable,not-applicable,not-applicable,not-applicable,not-applicable,not-applicable,not-applicable,not-applicable,not-applicable,not-applicable,not-applicable,not-applicable
core.Actor.fields.declared_identity,Actor,construct-pressure,PR-ACTOR-IDENTITY-SINGULAR,"R01,R02,R03,R04,R05,R06,M01,M02,M06,T01,T02",core.Actor.fields.declared_identity,"AC-OWNER,AC-LEAD-1,AC-LEAD-2,AC-RES-W1,AC-AUD-R1,AC-RWK-P1",1,"set on 22/22 Actors and NON-DISCRIMINATING: 15 Actors share the value ""factory-researcher"" and 2 share ""research-leader""; AC-OWNER has three identity strings across two stores and one field",wfh-008 alphabet R + M01 as parsed + T01/T02 (ledgered transitive),self-asserted; git author/committer and one forge account,see instance + wfh-008-validate.py output,specified-not-enforced,pressure,model-defect; unresolved,"Actor.declared_identity is a single text field. AC-OWNER carries three identity strings across two custody stores (GitHub login dug-21; git author 'Doug Faist'; git committer 'dug-21 <angryweed@gmail.com>'). Separately, seven researchers, two auditors, four rework researchers and one corrections researcher share the single value 'factory-researcher', so declared_identity does not individuate an Actor at all - the only individuator in the instance is the Delegation's unit.",representable but non-discriminating,not-proposed,"a per-instance agent_id would individuate, but .claude/rules/unimatrix-access.md D6 rules the opposite explicitly; relitigating a ratified decision from outside its evidence is out of scope",not-applicable,not-applicable,not-applicable,yes,not-applicable,not-applicable,"whether the model should carry multiple declared identities per Actor, or the project should individuate, cannot be settled from one case and one standing decision"
core.Actor.fields.lifecycle_state,Actor,exercised,not-applicable,"R01,R02,R03,R04,R05,R06,M01,M02,M06,T01,T02",core.Actor.fields.lifecycle_state,"AC-OWNER,AC-COORD,AC-LEAD-1,AC-LEAD-2,AC-RES-W1,AC-RES-W2",1,set on 24/24 instances,wfh-008 alphabet R + M01 as parsed + T01/T02 (ledgered transitive),self-asserted; git author/committer and one forge account,see instance + wfh-008-validate.py output,specified-not-enforced,n/a,not-applicable,not-applicable,not-applicable,not-applicable,not-applicable,not-applicable,not-applicable,not-applicable,not-applicable,not-applicable,not-applicable,not-applicable
core.Actor.relations.has_skill,Actor,exercised,not-applicable,"R01,R02,R03,R04,R05,R06,M01,M02,M06,T01,T02",core.Actor.relations.has_skill,"AC-COORD,AC-LEAD-1,AC-LEAD-2,AC-RES-W1,AC-RES-W2,AC-RES-W3",1,"non-empty on 20/24; declared inverse, closed mechanically",wfh-008 alphabet R + M01 as parsed + T01/T02 (ledgered transitive),self-asserted; git author/committer and one forge account,see instance + wfh-008-validate.py output,mechanically checkable and checked,n/a,not-applicable,not-applicable,not-applicable,not-applicable,not-applicable,not-applicable,not-applicable,not-applicable,not-applicable,not-applicable,not-applicable,not-applicable
core.Actor.relations.holds_role,Actor,exercised,not-applicable,"R01,R02,R03,R04,R05,R06,M01,M02,M06,T01,T02",core.Actor.relations.holds_role,"AC-OWNER,AC-COORD,AC-LEAD-1,AC-LEAD-2,AC-RES-W1,AC-RES-W2",1,"non-empty on 21/24; one-way, served by index",wfh-008 alphabet R + M01 as parsed + T01/T02 (ledgered transitive),self-asserted; git author/committer and one forge account,see instance + wfh-008-validate.py output,mechanically checkable and checked,n/a,not-applicable,not-applicable,not-applicable,not-applicable,not-applicable,not-applicable,not-applicable,not-applicable,not-applicable,not-applicable,not-applicable,not-applicable
core.Actor.relations.receives,Actor,exercised,not-applicable,"R01,R02,R03,R04,R05,R06,M01,M02,M06,T01,T02",core.Actor.relations.receives,"AC-COORD,AC-LEAD-1,AC-LEAD-2,AC-RES-W1,AC-RES-W2,AC-RES-W3",1,"non-empty on 20/24; one-way, served by index",wfh-008 alphabet R + M01 as parsed + T01/T02 (ledgered transitive),self-asserted; git author/committer and one forge account,see instance + wfh-008-validate.py output,mechanically checkable and checked,n/a,not-applicable,not-applicable,not-applicable,not-applicable,not-applicable,not-applicable,not-applicable,not-applicable,not-applicable,not-applicable,not-applicable,not-applicable
core.Actor.open[0],Actor,construct-pressure,not-applicable,"R01,R02,R03,R04,R05,R06,M01,M02,M06,T01,T02",core.Actor.open[0],none,not-applicable,identity attestation,wfh-008 alphabet R + M01 as parsed + T01/T02 (ledgered transitive),self-asserted; git author/committer and one forge account,see instance + wfh-008-validate.py output,not-applicable,still-open,not-applicable,not-applicable,not-applicable,not-applicable,not-applicable,not-applicable,not-applicable,not-applicable,not-applicable,not-applicable,not-applicable,not-applicable
core.Actor.open[1],Actor,construct-pressure,not-applicable,"R01,R02,R03,R04,R05,R06,M01,M02,M06,T01,T02",core.Actor.open[1],none,not-applicable,replacement and continuity,wfh-008 alphabet R + M01 as parsed + T01/T02 (ledgered transitive),self-asserted; git author/committer and one forge account,see instance + wfh-008-validate.py output,not-applicable,still-open,not-applicable,not-applicable,not-applicable,not-applicable,not-applicable,not-applicable,not-applicable,not-applicable,not-applicable,not-applicable,not-applicable,not-applicable
core.Actor.open[2],Actor,construct-pressure,not-applicable,"R01,R02,R03,R04,R05,R06,M01,M02,M06,T01,T02",core.Actor.open[2],none,not-applicable,composite Actors,wfh-008 alphabet R + M01 as parsed + T01/T02 (ledgered transitive),self-asserted; git author/committer and one forge account,see instance + wfh-008-validate.py output,not-applicable,still-open,not-applicable,not-applicable,not-applicable,not-applicable,not-applicable,not-applicable,not-applicable,not-applicable,not-applicable,not-applicable,not-applicable,not-applicable
core.Unit.versioned,Unit,exercised,not-applicable,"R01,R02,R03,R04,R05,R06,M01,M02,M06,T01,T02",core.Unit.versioned,"UN-RUN,UN-SCOPE,UN-W1",1,versioned=True; the checker enforces presence/absence of a version on every instance,wfh-008 alphabet R + M01 as parsed + T01/T02 (ledgered transitive),git working tree + commits,see instance + wfh-008-validate.py output,mechanically checkable and checked,n/a,not-applicable,not-applicable,not-applicable,not-applicable,not-applicable,not-applicable,not-applicable,not-applicable,not-applicable,not-applicable,not-applicable,not-applicable
core.Unit.identity,Unit,exercised,not-applicable,"R01,R02,R03,R04,R05,R06,M01,M02,M06,T01,T02",core.Unit.identity,"UN-RUN,UN-SCOPE,UN-W1",1,identity=unit_id; opaque ids in the instance,wfh-008 alphabet R + M01 as parsed + T01/T02 (ledgered transitive),git working tree + commits,see instance + wfh-008-validate.py output,specified-not-enforced,n/a,not-applicable,not-applicable,not-applicable,not-applicable,not-applicable,not-applicable,not-applicable,not-applicable,not-applicable,not-applicable,not-applicable,not-applicable
core.Unit.form,Unit,exercised,not-applicable,"R01,R02,R03,R04,R05,R06,M01,M02,M06,T01,T02",core.Unit.form,"UN-RUN,UN-SCOPE,UN-W1",1,form=entity,wfh-008 alphabet R + M01 as parsed + T01/T02 (ledgered transitive),git working tree + commits,see instance + wfh-008-validate.py output,not-applicable,S3: form is undocumented in notation,not-applicable,not-applicable,not-applicable,not-applicable,not-applicable,not-applicable,not-applicable,not-applicable,not-applicable,not-applicable,not-applicable,not-applicable
core.Unit.status,Unit,exercised,not-applicable,"R01,R02,R03,R04,R05,R06,M01,M02,M06,T01,T02",core.Unit.status,none,not-applicable,"model status=OPEN; consumed as test input, not as permission to fill holes",wfh-008 alphabet R + M01 as parsed + T01/T02 (ledgered transitive),git working tree + commits,see instance + wfh-008-validate.py output,not-applicable,n/a,not-applicable,not-applicable,not-applicable,not-applicable,not-applicable,not-applicable,not-applicable,not-applicable,not-applicable,not-applicable,not-applicable,not-applicable
core.Unit.invariants,Unit,exercised,not-applicable,"R01,R02,R03,R04,R05,R06,M01,M02,M06,T01,T02",core.Unit.invariants,none,not-applicable,"cites ['I6', 'I15', 'I16']",wfh-008 alphabet R + M01 as parsed + T01/T02 (ledgered transitive),git working tree + commits,see instance + wfh-008-validate.py output,see the invariant rows,n/a,not-applicable,not-applicable,not-applicable,not-applicable,not-applicable,not-applicable,not-applicable,not-applicable,not-applicable,not-applicable,not-applicable,not-applicable
core.Unit.fields.unit_kind,Unit,exercised,not-applicable,"R01,R02,R03,R04,R05,R06,M01,M02,M06,T01,T02",core.Unit.fields.unit_kind,"UN-RUN,UN-SCOPE,UN-W1,UN-W2,UN-W3,UN-W4",1,set on 15/15 instances,wfh-008 alphabet R + M01 as parsed + T01/T02 (ledgered transitive),git working tree + commits,see instance + wfh-008-validate.py output,specified-not-enforced,n/a,not-applicable,not-applicable,not-applicable,not-applicable,not-applicable,not-applicable,not-applicable,not-applicable,not-applicable,not-applicable,not-applicable,not-applicable
core.Unit.fields.intended_outcome,Unit,exercised,not-applicable,"R01,R02,R03,R04,R05,R06,M01,M02,M06,T01,T02",core.Unit.fields.intended_outcome,"UN-RUN,UN-SCOPE,UN-W1,UN-W2,UN-W3,UN-W4",1,set on 15/15 instances,wfh-008 alphabet R + M01 as parsed + T01/T02 (ledgered transitive),git working tree + commits,see instance + wfh-008-validate.py output,specified-not-enforced,n/a,not-applicable,not-applicable,not-applicable,not-applicable,not-applicable,not-applicable,not-applicable,not-applicable,not-applicable,not-applicable,not-applicable,not-applicable
core.Unit.fields.scope_ref,Unit,exercised,not-applicable,"R01,R02,R03,R04,R05,R06,M01,M02,M06,T01,T02",core.Unit.fields.scope_ref,"UN-RUN,UN-SCOPE,UN-W1,UN-W2,UN-W3,UN-W4",1,set on 15/15 instances,wfh-008 alphabet R + M01 as parsed + T01/T02 (ledgered transitive),git working tree + commits,see instance + wfh-008-validate.py output,specified-not-enforced,n/a,not-applicable,not-applicable,not-applicable,not-applicable,not-applicable,not-applicable,not-applicable,not-applicable,not-applicable,not-applicable,not-applicable,not-applicable
core.Unit.fields.current_state,Unit,exercised,not-applicable,"R01,R02,R03,R04,R05,R06,M01,M02,M06,T01,T02",core.Unit.fields.current_state,"UN-RUN,UN-SCOPE,UN-W1,UN-W2,UN-W3,UN-W4",1,set on 15/15 instances,wfh-008 alphabet R + M01 as parsed + T01/T02 (ledgered transitive),git working tree + commits,see instance + wfh-008-validate.py output,specified-not-enforced,n/a,not-applicable,not-applicable,not-applicable,not-applicable,not-applicable,not-applicable,not-applicable,not-applicable,not-applicable,not-applicable,not-applicable,not-applicable
core.Unit.fields.baseline_ref,Unit,exercised,not-applicable,"R01,R02,R03,R04,R05,R06,M01,M02,M06,T01,T02",core.Unit.fields.baseline_ref,"UN-RUN,UN-SCOPE,UN-W1,UN-W2,UN-W3,UN-W4",1,set on 15/15 instances,wfh-008 alphabet R + M01 as parsed + T01/T02 (ledgered transitive),git working tree + commits,see instance + wfh-008-validate.py output,specified-not-enforced,n/a,not-applicable,not-applicable,not-applicable,not-applicable,not-applicable,not-applicable,not-applicable,not-applicable,not-applicable,not-applicable,not-applicable,not-applicable
core.Unit.relations.directed_by,Unit,exercised,not-applicable,"R01,R02,R03,R04,R05,R06,M01,M02,M06,T01,T02",core.Unit.relations.directed_by,"UN-RUN,UN-SYNTH,UN-RELEVANCE",1,"non-empty on 3/15; declared inverse, closed mechanically",wfh-008 alphabet R + M01 as parsed + T01/T02 (ledgered transitive),git working tree + commits,see instance + wfh-008-validate.py output,mechanically checkable and checked,n/a,not-applicable,not-applicable,not-applicable,not-applicable,not-applicable,not-applicable,not-applicable,not-applicable,not-applicable,not-applicable,not-applicable,not-applicable
core.Unit.relations.follows,Unit,exercised,not-applicable,"R01,R02,R03,R04,R05,R06,M01,M02,M06,T01,T02",core.Unit.relations.follows,"UN-RUN,UN-SCOPE,UN-W1,UN-W2,UN-W3,UN-W4",1,"non-empty on 15/15; declared inverse, closed mechanically",wfh-008 alphabet R + M01 as parsed + T01/T02 (ledgered transitive),git working tree + commits,see instance + wfh-008-validate.py output,mechanically checkable and checked,n/a,not-applicable,not-applicable,not-applicable,not-applicable,not-applicable,not-applicable,not-applicable,not-applicable,not-applicable,not-applicable,not-applicable,not-applicable
core.Unit.relations.depends_on,Unit,exercised,not-applicable,"R01,R02,R03,R04,R05,R06,M01,M02,M06,T01,T02",core.Unit.relations.depends_on,"UN-W1,UN-W2,UN-W3,UN-W4,UN-W5,UN-W6",1,"non-empty on 13/15; one-way, served by index",wfh-008 alphabet R + M01 as parsed + T01/T02 (ledgered transitive),git working tree + commits,see instance + wfh-008-validate.py output,mechanically checkable and checked,n/a,not-applicable,not-applicable,not-applicable,not-applicable,not-applicable,not-applicable,not-applicable,not-applicable,not-applicable,not-applicable,not-applicable,not-applicable
core.Unit.relations.attempts,Unit,exercised,not-applicable,"R01,R02,R03,R04,R05,R06,M01,M02,M06,T01,T02",core.Unit.relations.attempts,"UN-RUN,UN-SCOPE,UN-W1,UN-W2,UN-W3,UN-W4",1,"non-empty on 15/15; declared inverse, closed mechanically",wfh-008 alphabet R + M01 as parsed + T01/T02 (ledgered transitive),git working tree + commits,see instance + wfh-008-validate.py output,mechanically checkable and checked,n/a,not-applicable,not-applicable,not-applicable,not-applicable,not-applicable,not-applicable,not-applicable,not-applicable,not-applicable,not-applicable,not-applicable,not-applicable
core.Unit.relations.assigned_through,Unit,exercised,not-applicable,"R01,R02,R03,R04,R05,R06,M01,M02,M06,T01,T02",core.Unit.relations.assigned_through,"UN-RUN,UN-SCOPE,UN-W1,UN-W2,UN-W3,UN-W4",1,"non-empty on 15/15; declared inverse, closed mechanically",wfh-008 alphabet R + M01 as parsed + T01/T02 (ledgered transitive),git working tree + commits,see instance + wfh-008-validate.py output,mechanically checkable and checked,n/a,not-applicable,not-applicable,not-applicable,not-applicable,not-applicable,not-applicable,not-applicable,not-applicable,not-applicable,not-applicable,not-applicable,not-applicable
core.Unit.relations.gated_by,Unit,exercised,not-applicable,"R01,R02,R03,R04,R05,R06,M01,M02,M06,T01,T02",core.Unit.relations.gated_by,"UN-SCOPE,UN-W1,UN-W2,UN-W3,UN-W4,UN-W5",1,"non-empty on 10/15; declared inverse, closed mechanically",wfh-008 alphabet R + M01 as parsed + T01/T02 (ledgered transitive),git working tree + commits,see instance + wfh-008-validate.py output,mechanically checkable and checked,n/a,not-applicable,not-applicable,not-applicable,not-applicable,not-applicable,not-applicable,not-applicable,not-applicable,not-applicable,not-applicable,not-applicable,not-applicable
core.Unit.relations.consumes,Unit,exercised,not-applicable,"R01,R02,R03,R04,R05,R06,M01,M02,M06,T01,T02",core.Unit.relations.consumes,"UN-W1,UN-W2,UN-W3,UN-W4,UN-W5,UN-W6",1,"non-empty on 13/15; one-way, served by index",wfh-008 alphabet R + M01 as parsed + T01/T02 (ledgered transitive),git working tree + commits,see instance + wfh-008-validate.py output,mechanically checkable and checked,n/a,not-applicable,not-applicable,not-applicable,not-applicable,not-applicable,not-applicable,not-applicable,not-applicable,not-applicable,not-applicable,not-applicable,not-applicable
core.Unit.relations.produces,Unit,exercised,not-applicable,"R01,R02,R03,R04,R05,R06,M01,M02,M06,T01,T02",core.Unit.relations.produces,"UN-RUN,UN-SCOPE,UN-W1,UN-W2,UN-W3,UN-W4",1,"non-empty on 15/15; one-way, served by index",wfh-008 alphabet R + M01 as parsed + T01/T02 (ledgered transitive),git working tree + commits,see instance + wfh-008-validate.py output,mechanically checkable and checked,n/a,not-applicable,not-applicable,not-applicable,not-applicable,not-applicable,not-applicable,not-applicable,not-applicable,not-applicable,not-applicable,not-applicable,not-applicable
core.Unit.relations.delivers,Unit,not-applicable,not-applicable,"R01,R02,R03,R04,R05,R06,M01,M02,M06,T01,T02",core.Unit.relations.delivers,none,not-applicable,empty on every instance - no historical occurrence,wfh-008 alphabet R + M01 as parsed + T01/T02 (ledgered transitive),git working tree + commits,see instance + wfh-008-validate.py output,specified-not-enforced,missing-history,not-applicable,not-applicable,not-applicable,not-applicable,not-applicable,not-applicable,not-applicable,not-applicable,not-applicable,not-applicable,not-applicable,not-applicable
core.Unit.relations.replaces,Unit,not-applicable,not-applicable,"R01,R02,R03,R04,R05,R06,M01,M02,M06,T01,T02",core.Unit.relations.replaces,none,not-applicable,empty on every instance - no historical occurrence,wfh-008 alphabet R + M01 as parsed + T01/T02 (ledgered transitive),git working tree + commits,see instance + wfh-008-validate.py output,specified-not-enforced,missing-history,not-applicable,not-applicable,not-applicable,not-applicable,not-applicable,not-applicable,not-applicable,not-applicable,not-applicable,not-applicable,not-applicable,not-applicable
core.Unit.extension_owner.unit_kind,Unit,exercised,PR-I19-BINDING-ALTITUDE,"R01,R02,R03,R04,R05,R06,M01,M02,M06,T01,T02",core.Unit.extension_owner.unit_kind,registry_extensions,1,owner=workflow; exercised by the program-owned registry extensions in this instance,wfh-008 alphabet R + M01 as parsed + T01/T02 (ledgered transitive),git working tree + commits,see instance + wfh-008-validate.py output,specified-not-enforced,S6: I19 binds from Workflow only,model-defect,"I19 (program extensions may not weaken common invariants) is cited by Workflow ALONE, yet this instance registers program-owned extensions on unit_kind, record_category, effect_class and event_type - owned by Workflow, Scope, Scope and the registry respectively. Three of the four owners are not Workflow, so nothing binds I19 to them. Review finding S6 raised exactly this and it is unresolved in the pinned file.","representable; the extensions conform, and no per-construct binding required them to",not-applicable,not-applicable,not-applicable,not-applicable,not-applicable,yes,not-applicable,not-applicable,not-applicable
core.Unit.extension_owner.states,Unit,exercised,PR-I19-BINDING-ALTITUDE,"R01,R02,R03,R04,R05,R06,M01,M02,M06,T01,T02",core.Unit.extension_owner.states,registry_extensions,1,owner=workflow; exercised by the program-owned registry extensions in this instance,wfh-008 alphabet R + M01 as parsed + T01/T02 (ledgered transitive),git working tree + commits,see instance + wfh-008-validate.py output,specified-not-enforced,S6: I19 binds from Workflow only,model-defect,"I19 (program extensions may not weaken common invariants) is cited by Workflow ALONE, yet this instance registers program-owned extensions on unit_kind, record_category, effect_class and event_type - owned by Workflow, Scope, Scope and the registry respectively. Three of the four owners are not Workflow, so nothing binds I19 to them. Review finding S6 raised exactly this and it is unresolved in the pinned file.","representable; the extensions conform, and no per-construct binding required them to",not-applicable,not-applicable,not-applicable,not-applicable,not-applicable,yes,not-applicable,not-applicable,not-applicable
core.Unit.extension_owner.transitions,Unit,exercised,PR-I19-BINDING-ALTITUDE,"R01,R02,R03,R04,R05,R06,M01,M02,M06,T01,T02",core.Unit.extension_owner.transitions,registry_extensions,1,owner=workflow; exercised by the program-owned registry extensions in this instance,wfh-008 alphabet R + M01 as parsed + T01/T02 (ledgered transitive),git working tree + commits,see instance + wfh-008-validate.py output,specified-not-enforced,S6: I19 binds from Workflow only,model-defect,"I19 (program extensions may not weaken common invariants) is cited by Workflow ALONE, yet this instance registers program-owned extensions on unit_kind, record_category, effect_class and event_type - owned by Workflow, Scope, Scope and the registry respectively. Three of the four owners are not Workflow, so nothing binds I19 to them. Review finding S6 raised exactly this and it is unresolved in the pinned file.","representable; the extensions conform, and no per-construct binding required them to",not-applicable,not-applicable,not-applicable,not-applicable,not-applicable,yes,not-applicable,not-applicable,not-applicable
core.Unit.open[0],Unit,construct-pressure,not-applicable,"R01,R02,R03,R04,R05,R06,M01,M02,M06,T01,T02",core.Unit.open[0],none,not-applicable,interruption and resume,wfh-008 alphabet R + M01 as parsed + T01/T02 (ledgered transitive),git working tree + commits,see instance + wfh-008-validate.py output,not-applicable,still-open,not-applicable,not-applicable,not-applicable,not-applicable,not-applicable,not-applicable,not-applicable,not-applicable,not-applicable,not-applicable,not-applicable,not-applicable
core.Unit.open[1],Unit,construct-pressure,not-applicable,"R01,R02,R03,R04,R05,R06,M01,M02,M06,T01,T02",core.Unit.open[1],none,not-applicable,concurrent Attempts,wfh-008 alphabet R + M01 as parsed + T01/T02 (ledgered transitive),git working tree + commits,see instance + wfh-008-validate.py output,not-applicable,still-open,not-applicable,not-applicable,not-applicable,not-applicable,not-applicable,not-applicable,not-applicable,not-applicable,not-applicable,not-applicable,not-applicable,not-applicable
core.Unit.open[2],Unit,construct-pressure,not-applicable,"R01,R02,R03,R04,R05,R06,M01,M02,M06,T01,T02",core.Unit.open[2],none,not-applicable,partial-output admission,wfh-008 alphabet R + M01 as parsed + T01/T02 (ledgered transitive),git working tree + commits,see instance + wfh-008-validate.py output,not-applicable,still-open,not-applicable,not-applicable,not-applicable,not-applicable,not-applicable,not-applicable,not-applicable,not-applicable,not-applicable,not-applicable,not-applicable,not-applicable
core.Event.versioned,Event,exercised,not-applicable,"R01,R02,R03,R04,R05,R06,M01,M02,M06,T01,T02",core.Event.versioned,"EV-001,EV-002,EV-003",1,versioned=False; the checker enforces presence/absence of a version on every instance,wfh-008 alphabet R + M01 as parsed + T01/T02 (ledgered transitive),"forge comments, git commits, Unimatrix cycle",see instance + wfh-008-validate.py output,mechanically checkable and checked,n/a,not-applicable,not-applicable,not-applicable,not-applicable,not-applicable,not-applicable,not-applicable,not-applicable,not-applicable,not-applicable,not-applicable,not-applicable
core.Event.identity,Event,exercised,not-applicable,"R01,R02,R03,R04,R05,R06,M01,M02,M06,T01,T02",core.Event.identity,"EV-001,EV-002,EV-003",1,"identity={'field': 'event_id', 'required_when': 'consequential or acknowledgement/replay/audit matters', 'otherwise': 'may be ephemeral'}; opaque ids in the instance",wfh-008 alphabet R + M01 as parsed + T01/T02 (ledgered transitive),"forge comments, git commits, Unimatrix cycle",see instance + wfh-008-validate.py output,specified-not-enforced,n/a,not-applicable,not-applicable,not-applicable,not-applicable,not-applicable,not-applicable,not-applicable,not-applicable,not-applicable,not-applicable,not-applicable,not-applicable
core.Event.form,Event,exercised,not-applicable,"R01,R02,R03,R04,R05,R06,M01,M02,M06,T01,T02",core.Event.form,"EV-001,EV-002,EV-003",1,form=event,wfh-008 alphabet R + M01 as parsed + T01/T02 (ledgered transitive),"forge comments, git commits, Unimatrix cycle",see instance + wfh-008-validate.py output,not-applicable,S3: form is undocumented in notation,not-applicable,not-applicable,not-applicable,not-applicable,not-applicable,not-applicable,not-applicable,not-applicable,not-applicable,not-applicable,not-applicable,not-applicable
core.Event.status,Event,exercised,not-applicable,"R01,R02,R03,R04,R05,R06,M01,M02,M06,T01,T02",core.Event.status,none,not-applicable,"model status=RESOLVED; consumed as test input, not as permission to fill holes",wfh-008 alphabet R + M01 as parsed + T01/T02 (ledgered transitive),"forge comments, git commits, Unimatrix cycle",see instance + wfh-008-validate.py output,not-applicable,n/a,not-applicable,not-applicable,not-applicable,not-applicable,not-applicable,not-applicable,not-applicable,not-applicable,not-applicable,not-applicable,not-applicable,not-applicable
core.Event.invariants,Event,exercised,not-applicable,"R01,R02,R03,R04,R05,R06,M01,M02,M06,T01,T02",core.Event.invariants,none,not-applicable,"cites ['I4', 'I5', 'I6']",wfh-008 alphabet R + M01 as parsed + T01/T02 (ledgered transitive),"forge comments, git commits, Unimatrix cycle",see instance + wfh-008-validate.py output,see the invariant rows,n/a,not-applicable,not-applicable,not-applicable,not-applicable,not-applicable,not-applicable,not-applicable,not-applicable,not-applicable,not-applicable,not-applicable,not-applicable
core.Event.fields.event_type,Event,exercised,not-applicable,"R01,R02,R03,R04,R05,R06,M01,M02,M06,T01,T02",core.Event.fields.event_type,"EV-001,EV-002,EV-003,EV-004,EV-005,EV-006",1,set on 32/32 instances,wfh-008 alphabet R + M01 as parsed + T01/T02 (ledgered transitive),"forge comments, git commits, Unimatrix cycle",see instance + wfh-008-validate.py output,specified-not-enforced,n/a,not-applicable,not-applicable,not-applicable,not-applicable,not-applicable,not-applicable,not-applicable,not-applicable,not-applicable,not-applicable,not-applicable,not-applicable
core.Event.fields.occurred_at,Event,exercised,not-applicable,"R01,R02,R03,R04,R05,R06,M01,M02,M06,T01,T02",core.Event.fields.occurred_at,"EV-001,EV-002,EV-003,EV-004,EV-005,EV-006",1,set on 32/32 instances,wfh-008 alphabet R + M01 as parsed + T01/T02 (ledgered transitive),"forge comments, git commits, Unimatrix cycle",see instance + wfh-008-validate.py output,specified-not-enforced,n/a,not-applicable,not-applicable,not-applicable,not-applicable,not-applicable,not-applicable,not-applicable,not-applicable,not-applicable,not-applicable,not-applicable,not-applicable
core.Event.fields.recorded_at,Event,exercised,not-applicable,"R01,R02,R03,R04,R05,R06,M01,M02,M06,T01,T02",core.Event.fields.recorded_at,"EV-001,EV-002,EV-003,EV-004,EV-005,EV-006",1,set on 32/32 instances,wfh-008 alphabet R + M01 as parsed + T01/T02 (ledgered transitive),"forge comments, git commits, Unimatrix cycle",see instance + wfh-008-validate.py output,specified-not-enforced,n/a,not-applicable,not-applicable,not-applicable,not-applicable,not-applicable,not-applicable,not-applicable,not-applicable,not-applicable,not-applicable,not-applicable,not-applicable
core.Event.fields.scope_ref,Event,exercised,not-applicable,"R01,R02,R03,R04,R05,R06,M01,M02,M06,T01,T02",core.Event.fields.scope_ref,"EV-001,EV-002,EV-003,EV-004,EV-005,EV-006",1,set on 32/32 instances,wfh-008 alphabet R + M01 as parsed + T01/T02 (ledgered transitive),"forge comments, git commits, Unimatrix cycle",see instance + wfh-008-validate.py output,specified-not-enforced,n/a,not-applicable,not-applicable,not-applicable,not-applicable,not-applicable,not-applicable,not-applicable,not-applicable,not-applicable,not-applicable,not-applicable,not-applicable
core.Event.fields.actor_refs,Event,exercised,not-applicable,"R01,R02,R03,R04,R05,R06,M01,M02,M06,T01,T02",core.Event.fields.actor_refs,"EV-001,EV-002,EV-003,EV-004,EV-005,EV-006",1,set on 32/32 instances,wfh-008 alphabet R + M01 as parsed + T01/T02 (ledgered transitive),"forge comments, git commits, Unimatrix cycle",see instance + wfh-008-validate.py output,specified-not-enforced,n/a,not-applicable,not-applicable,not-applicable,not-applicable,not-applicable,not-applicable,not-applicable,not-applicable,not-applicable,not-applicable,not-applicable,not-applicable
core.Event.fields.subject_refs,Event,exercised,not-applicable,"R01,R02,R03,R04,R05,R06,M01,M02,M06,T01,T02",core.Event.fields.subject_refs,"EV-001,EV-002,EV-003,EV-004,EV-005,EV-006",1,set on 32/32 instances,wfh-008 alphabet R + M01 as parsed + T01/T02 (ledgered transitive),"forge comments, git commits, Unimatrix cycle",see instance + wfh-008-validate.py output,specified-not-enforced,n/a,not-applicable,not-applicable,not-applicable,not-applicable,not-applicable,not-applicable,not-applicable,not-applicable,not-applicable,not-applicable,not-applicable,not-applicable
core.Event.fields.authority_ref,Event,exercised,not-applicable,"R01,R02,R03,R04,R05,R06,M01,M02,M06,T01,T02",core.Event.fields.authority_ref,"EV-002,EV-003,EV-004,EV-005,EV-009,EV-012",1,set on 14/32 instances,wfh-008 alphabet R + M01 as parsed + T01/T02 (ledgered transitive),"forge comments, git commits, Unimatrix cycle",see instance + wfh-008-validate.py output,specified-not-enforced,n/a,not-applicable,not-applicable,not-applicable,not-applicable,not-applicable,not-applicable,not-applicable,not-applicable,not-applicable,not-applicable,not-applicable,not-applicable
core.Event.fields.epistemic_kind,Event,exercised,not-applicable,"R01,R02,R03,R04,R05,R06,M01,M02,M06,T01,T02",core.Event.fields.epistemic_kind,"EV-001,EV-002,EV-003,EV-004,EV-005,EV-006",1,set on 32/32 instances,wfh-008 alphabet R + M01 as parsed + T01/T02 (ledgered transitive),"forge comments, git commits, Unimatrix cycle",see instance + wfh-008-validate.py output,specified-not-enforced,n/a,not-applicable,not-applicable,not-applicable,not-applicable,not-applicable,not-applicable,not-applicable,not-applicable,not-applicable,not-applicable,not-applicable,not-applicable
core.Event.fields.significance,Event,exercised,not-applicable,"R01,R02,R03,R04,R05,R06,M01,M02,M06,T01,T02",core.Event.fields.significance,"EV-001,EV-002,EV-003,EV-004,EV-005,EV-006",1,set on 32/32 instances,wfh-008 alphabet R + M01 as parsed + T01/T02 (ledgered transitive),"forge comments, git commits, Unimatrix cycle",see instance + wfh-008-validate.py output,specified-not-enforced,n/a,not-applicable,not-applicable,not-applicable,not-applicable,not-applicable,not-applicable,not-applicable,not-applicable,not-applicable,not-applicable,not-applicable,not-applicable
core.Event.fields.carrier,Event,exercised,not-applicable,"R01,R02,R03,R04,R05,R06,M01,M02,M06,T01,T02",core.Event.fields.carrier,"EV-001,EV-002,EV-003,EV-004,EV-005,EV-006",1,set on 32/32 instances,wfh-008 alphabet R + M01 as parsed + T01/T02 (ledgered transitive),"forge comments, git commits, Unimatrix cycle",see instance + wfh-008-validate.py output,specified-not-enforced,n/a,not-applicable,not-applicable,not-applicable,not-applicable,not-applicable,not-applicable,not-applicable,not-applicable,not-applicable,not-applicable,not-applicable,not-applicable
core.Event.fields.custody,Event,exercised,not-applicable,"R01,R02,R03,R04,R05,R06,M01,M02,M06,T01,T02",core.Event.fields.custody,"EV-001,EV-002,EV-003,EV-004,EV-005,EV-006",1,set on 32/32 instances,wfh-008 alphabet R + M01 as parsed + T01/T02 (ledgered transitive),"forge comments, git commits, Unimatrix cycle",see instance + wfh-008-validate.py output,specified-not-enforced,n/a,not-applicable,not-applicable,not-applicable,not-applicable,not-applicable,not-applicable,not-applicable,not-applicable,not-applicable,not-applicable,not-applicable,not-applicable
core.Event.fields.extension,Event,exercised,not-applicable,"R01,R02,R03,R04,R05,R06,M01,M02,M06,T01,T02",core.Event.fields.extension,"EV-001,EV-002,EV-003,EV-004,EV-005,EV-006",1,set on 32/32 instances,wfh-008 alphabet R + M01 as parsed + T01/T02 (ledgered transitive),"forge comments, git commits, Unimatrix cycle",see instance + wfh-008-validate.py output,specified-not-enforced,n/a,not-applicable,not-applicable,not-applicable,not-applicable,not-applicable,not-applicable,not-applicable,not-applicable,not-applicable,not-applicable,not-applicable,not-applicable
core.Event.relations.documented_by,Event,exercised,not-applicable,"R01,R02,R03,R04,R05,R06,M01,M02,M06,T01,T02",core.Event.relations.documented_by,"EV-001,EV-002,EV-003,EV-004,EV-007,EV-008",1,"non-empty on 29/32; declared inverse, closed mechanically",wfh-008 alphabet R + M01 as parsed + T01/T02 (ledgered transitive),"forge comments, git commits, Unimatrix cycle",see instance + wfh-008-validate.py output,mechanically checkable and checked,n/a,not-applicable,not-applicable,not-applicable,not-applicable,not-applicable,not-applicable,not-applicable,not-applicable,not-applicable,not-applicable,not-applicable,not-applicable
core.Event.relations.caused_by,Event,exercised,not-applicable,"R01,R02,R03,R04,R05,R06,M01,M02,M06,T01,T02",core.Event.relations.caused_by,"EV-002,EV-003,EV-004,EV-006,EV-008,EV-009",1,"non-empty on 22/32; one-way, served by index",wfh-008 alphabet R + M01 as parsed + T01/T02 (ledgered transitive),"forge comments, git commits, Unimatrix cycle",see instance + wfh-008-validate.py output,mechanically checkable and checked,n/a,not-applicable,not-applicable,not-applicable,not-applicable,not-applicable,not-applicable,not-applicable,not-applicable,not-applicable,not-applicable,not-applicable,not-applicable
core.Event.relations.correlated_with,Event,exercised,not-applicable,"R01,R02,R03,R04,R05,R06,M01,M02,M06,T01,T02",core.Event.relations.correlated_with,"EV-010,EV-011,EV-012,EV-013,EV-014,EV-019",1,"non-empty on 7/32; one-way, served by index",wfh-008 alphabet R + M01 as parsed + T01/T02 (ledgered transitive),"forge comments, git commits, Unimatrix cycle",see instance + wfh-008-validate.py output,mechanically checkable and checked,n/a,not-applicable,not-applicable,not-applicable,not-applicable,not-applicable,not-applicable,not-applicable,not-applicable,not-applicable,not-applicable,not-applicable,not-applicable
core.Event.relations.supersedes,Event,not-applicable,not-applicable,"R01,R02,R03,R04,R05,R06,M01,M02,M06,T01,T02",core.Event.relations.supersedes,none,not-applicable,empty on every instance - no historical occurrence,wfh-008 alphabet R + M01 as parsed + T01/T02 (ledgered transitive),"forge comments, git commits, Unimatrix cycle",see instance + wfh-008-validate.py output,specified-not-enforced,missing-history,not-applicable,not-applicable,not-applicable,not-applicable,not-applicable,not-applicable,not-applicable,not-applicable,not-applicable,not-applicable,not-applicable,not-applicable
core.Event.extension_owner.event_type,Event,exercised,PR-I19-BINDING-ALTITUDE,"R01,R02,R03,R04,R05,R06,M01,M02,M06,T01,T02",core.Event.extension_owner.event_type,registry_extensions,1,owner=registry; exercised by the program-owned registry extensions in this instance,wfh-008 alphabet R + M01 as parsed + T01/T02 (ledgered transitive),"forge comments, git commits, Unimatrix cycle",see instance + wfh-008-validate.py output,specified-not-enforced,S6: I19 binds from Workflow only,model-defect,"I19 (program extensions may not weaken common invariants) is cited by Workflow ALONE, yet this instance registers program-owned extensions on unit_kind, record_category, effect_class and event_type - owned by Workflow, Scope, Scope and the registry respectively. Three of the four owners are not Workflow, so nothing binds I19 to them. Review finding S6 raised exactly this and it is unresolved in the pinned file.","representable; the extensions conform, and no per-construct binding required them to",not-applicable,not-applicable,not-applicable,not-applicable,not-applicable,yes,not-applicable,not-applicable,not-applicable
core.Event.open[0],Event,construct-pressure,not-applicable,"R01,R02,R03,R04,R05,R06,M01,M02,M06,T01,T02",core.Event.open[0],none,not-applicable,durable identity threshold,wfh-008 alphabet R + M01 as parsed + T01/T02 (ledgered transitive),"forge comments, git commits, Unimatrix cycle",see instance + wfh-008-validate.py output,not-applicable,still-open,not-applicable,not-applicable,not-applicable,not-applicable,not-applicable,not-applicable,not-applicable,not-applicable,not-applicable,not-applicable,not-applicable,not-applicable
core.Event.open[1],Event,construct-pressure,not-applicable,"R01,R02,R03,R04,R05,R06,M01,M02,M06,T01,T02",core.Event.open[1],none,not-applicable,admission,wfh-008 alphabet R + M01 as parsed + T01/T02 (ledgered transitive),"forge comments, git commits, Unimatrix cycle",see instance + wfh-008-validate.py output,not-applicable,still-open,not-applicable,not-applicable,not-applicable,not-applicable,not-applicable,not-applicable,not-applicable,not-applicable,not-applicable,not-applicable,not-applicable,not-applicable
core.Event.open[2],Event,construct-pressure,not-applicable,"R01,R02,R03,R04,R05,R06,M01,M02,M06,T01,T02",core.Event.open[2],none,not-applicable,retention,wfh-008 alphabet R + M01 as parsed + T01/T02 (ledgered transitive),"forge comments, git commits, Unimatrix cycle",see instance + wfh-008-validate.py output,not-applicable,still-open,not-applicable,not-applicable,not-applicable,not-applicable,not-applicable,not-applicable,not-applicable,not-applicable,not-applicable,not-applicable,not-applicable,not-applicable
core.Event.open[3],Event,construct-pressure,not-applicable,"R01,R02,R03,R04,R05,R06,M01,M02,M06,T01,T02",core.Event.open[3],none,not-applicable,ordering and clock semantics,wfh-008 alphabet R + M01 as parsed + T01/T02 (ledgered transitive),"forge comments, git commits, Unimatrix cycle",see instance + wfh-008-validate.py output,not-applicable,still-open,not-applicable,not-applicable,not-applicable,not-applicable,not-applicable,not-applicable,not-applicable,not-applicable,not-applicable,not-applicable,not-applicable,not-applicable
core.Record.versioned,Record,exercised,not-applicable,"R01,R02,R03,R04,R05,R06,M01,M02,M06,T01,T02",core.Record.versioned,"RC-SCOPE,RC-W1,RC-W2",1,versioned=True; the checker enforces presence/absence of a version on every instance,wfh-008 alphabet R + M01 as parsed + T01/T02 (ledgered transitive),"git for file-backed, Unimatrix/forge for service-backed",see instance + wfh-008-validate.py output,mechanically checkable and checked,n/a,not-applicable,not-applicable,not-applicable,not-applicable,not-applicable,not-applicable,not-applicable,not-applicable,not-applicable,not-applicable,not-applicable,not-applicable
core.Record.identity,Record,exercised,not-applicable,"R01,R02,R03,R04,R05,R06,M01,M02,M06,T01,T02",core.Record.identity,"RC-SCOPE,RC-W1,RC-W2",1,identity=record_id; opaque ids in the instance,wfh-008 alphabet R + M01 as parsed + T01/T02 (ledgered transitive),"git for file-backed, Unimatrix/forge for service-backed",see instance + wfh-008-validate.py output,specified-not-enforced,n/a,not-applicable,not-applicable,not-applicable,not-applicable,not-applicable,not-applicable,not-applicable,not-applicable,not-applicable,not-applicable,not-applicable,not-applicable
core.Record.form,Record,exercised,not-applicable,"R01,R02,R03,R04,R05,R06,M01,M02,M06,T01,T02",core.Record.form,"RC-SCOPE,RC-W1,RC-W2",1,form=entity,wfh-008 alphabet R + M01 as parsed + T01/T02 (ledgered transitive),"git for file-backed, Unimatrix/forge for service-backed",see instance + wfh-008-validate.py output,not-applicable,S3: form is undocumented in notation,not-applicable,not-applicable,not-applicable,not-applicable,not-applicable,not-applicable,not-applicable,not-applicable,not-applicable,not-applicable,not-applicable,not-applicable
core.Record.status,Record,exercised,not-applicable,"R01,R02,R03,R04,R05,R06,M01,M02,M06,T01,T02",core.Record.status,none,not-applicable,"model status=OPEN; consumed as test input, not as permission to fill holes",wfh-008 alphabet R + M01 as parsed + T01/T02 (ledgered transitive),"git for file-backed, Unimatrix/forge for service-backed",see instance + wfh-008-validate.py output,not-applicable,n/a,not-applicable,not-applicable,not-applicable,not-applicable,not-applicable,not-applicable,not-applicable,not-applicable,not-applicable,not-applicable,not-applicable,not-applicable
core.Record.invariants,Record,exercised,not-applicable,"R01,R02,R03,R04,R05,R06,M01,M02,M06,T01,T02",core.Record.invariants,none,not-applicable,"cites ['I2', 'I3', 'I8']",wfh-008 alphabet R + M01 as parsed + T01/T02 (ledgered transitive),"git for file-backed, Unimatrix/forge for service-backed",see instance + wfh-008-validate.py output,see the invariant rows,n/a,not-applicable,not-applicable,not-applicable,not-applicable,not-applicable,not-applicable,not-applicable,not-applicable,not-applicable,not-applicable,not-applicable,not-applicable
core.Record.fields.category,Record,exercised,not-applicable,"R01,R02,R03,R04,R05,R06,M01,M02,M06,T01,T02",core.Record.fields.category,"RC-SCOPE,RC-W1,RC-W2,RC-W3,RC-W4,RC-W5",1,set on 24/24 instances,wfh-008 alphabet R + M01 as parsed + T01/T02 (ledgered transitive),"git for file-backed, Unimatrix/forge for service-backed",see instance + wfh-008-validate.py output,specified-not-enforced,n/a,not-applicable,not-applicable,not-applicable,not-applicable,not-applicable,not-applicable,not-applicable,not-applicable,not-applicable,not-applicable,not-applicable,not-applicable
core.Record.fields.category_schema_version,Record,exercised,not-applicable,"R01,R02,R03,R04,R05,R06,M01,M02,M06,T01,T02",core.Record.fields.category_schema_version,"RC-SCOPE,RC-W1,RC-W2,RC-W3,RC-W4,RC-W5",1,set on 24/24 instances,wfh-008 alphabet R + M01 as parsed + T01/T02 (ledgered transitive),"git for file-backed, Unimatrix/forge for service-backed",see instance + wfh-008-validate.py output,specified-not-enforced,n/a,not-applicable,not-applicable,not-applicable,not-applicable,not-applicable,not-applicable,not-applicable,not-applicable,not-applicable,not-applicable,not-applicable,not-applicable
core.Record.fields.scope_ref,Record,exercised,not-applicable,"R01,R02,R03,R04,R05,R06,M01,M02,M06,T01,T02",core.Record.fields.scope_ref,"RC-SCOPE,RC-W1,RC-W2,RC-W3,RC-W4,RC-W5",1,set on 24/24 instances,wfh-008 alphabet R + M01 as parsed + T01/T02 (ledgered transitive),"git for file-backed, Unimatrix/forge for service-backed",see instance + wfh-008-validate.py output,specified-not-enforced,n/a,not-applicable,not-applicable,not-applicable,not-applicable,not-applicable,not-applicable,not-applicable,not-applicable,not-applicable,not-applicable,not-applicable,not-applicable
core.Record.fields.author_or_source_ref,Record,exercised,not-applicable,"R01,R02,R03,R04,R05,R06,M01,M02,M06,T01,T02",core.Record.fields.author_or_source_ref,"RC-SCOPE,RC-W1,RC-W2,RC-W3,RC-W4,RC-W5",1,set on 24/24 instances,wfh-008 alphabet R + M01 as parsed + T01/T02 (ledgered transitive),"git for file-backed, Unimatrix/forge for service-backed",see instance + wfh-008-validate.py output,specified-not-enforced,n/a,not-applicable,not-applicable,not-applicable,not-applicable,not-applicable,not-applicable,not-applicable,not-applicable,not-applicable,not-applicable,not-applicable,not-applicable
core.Record.fields.created_at,Record,exercised,not-applicable,"R01,R02,R03,R04,R05,R06,M01,M02,M06,T01,T02",core.Record.fields.created_at,"RC-SCOPE,RC-W1,RC-W2,RC-W3,RC-W4,RC-W5",1,set on 24/24 instances,wfh-008 alphabet R + M01 as parsed + T01/T02 (ledgered transitive),"git for file-backed, Unimatrix/forge for service-backed",see instance + wfh-008-validate.py output,specified-not-enforced,n/a,not-applicable,not-applicable,not-applicable,not-applicable,not-applicable,not-applicable,not-applicable,not-applicable,not-applicable,not-applicable,not-applicable,not-applicable
core.Record.fields.content_digest,Record,construct-pressure,PR-RECORD-DIGEST,"R01,R02,R03,R04,R05,R06,M01,M02,M06,T01,T02",core.Record.fields.content_digest,"RC-SCOPE,RC-W1,RC-UNI-316,RC-ISSUE-66,RC-CYCLE",1,"real sha256 on 11 file-backed Records; SENTINEL on 11 service-backed Records because Unimatrix, the forge and the cycle service expose no content digest",wfh-008 alphabet R + M01 as parsed + T01/T02 (ledgered transitive),"git for file-backed, Unimatrix/forge for service-backed",see instance + wfh-008-validate.py output,specified-not-enforced,pressure,model-defect; project-evolution-candidate,"Record.content_digest is a required digest. Eleven of the 22 Record instances cannot supply one: Unimatrix exposes no content digest through its read API, the forge exposes none for an Issue, and the cycle service exposes none. The overwritten skill state was never captured at all. Sentinels are written and every one is reported by the checker as MODEL-FORCED-APPROXIMATION.",HALF REPRESENTABLE: file-backed Records carry real sha256 values; every service-backed Record cannot.,expose a content digest on knowledge-node reads,"a digest is what lets a later reader prove a cited node is the node that was cited; the run's own goal-owner re-read #316-#319 and could verify ids, status and edges but not content - it says so explicitly",preserves; a digest adds verifiability and moves no authority,"a change to a service outside this repository, which this scope cannot cost and must not recommend building",the Unimatrix read API; out of this repository,partially,yes,Record.content_digest becomes satisfiable for knowledge nodes,"whether the model should relax content_digest to optional for externally-custodied Records, or the stores should expose one, is not decidable from one case"
core.Record.fields.epistemic_kind,Record,exercised,not-applicable,"R01,R02,R03,R04,R05,R06,M01,M02,M06,T01,T02",core.Record.fields.epistemic_kind,"RC-SCOPE,RC-W1,RC-W2,RC-W3,RC-W4,RC-W5",1,set on 24/24 instances,wfh-008 alphabet R + M01 as parsed + T01/T02 (ledgered transitive),"git for file-backed, Unimatrix/forge for service-backed",see instance + wfh-008-validate.py output,specified-not-enforced,n/a,not-applicable,not-applicable,not-applicable,not-applicable,not-applicable,not-applicable,not-applicable,not-applicable,not-applicable,not-applicable,not-applicable,not-applicable
core.Record.fields.evidence_altitude,Record,exercised,not-applicable,"R01,R02,R03,R04,R05,R06,M01,M02,M06,T01,T02",core.Record.fields.evidence_altitude,"RC-SCOPE,RC-W1,RC-W2,RC-W3,RC-W4,RC-W5",1,set on 24/24 instances,wfh-008 alphabet R + M01 as parsed + T01/T02 (ledgered transitive),"git for file-backed, Unimatrix/forge for service-backed",see instance + wfh-008-validate.py output,specified-not-enforced,n/a,not-applicable,not-applicable,not-applicable,not-applicable,not-applicable,not-applicable,not-applicable,not-applicable,not-applicable,not-applicable,not-applicable,not-applicable
core.Record.fields.lifecycle_state,Record,exercised,not-applicable,"R01,R02,R03,R04,R05,R06,M01,M02,M06,T01,T02",core.Record.fields.lifecycle_state,"RC-SCOPE,RC-W1,RC-W2,RC-W3,RC-W4,RC-W5",1,set on 24/24 instances,wfh-008 alphabet R + M01 as parsed + T01/T02 (ledgered transitive),"git for file-backed, Unimatrix/forge for service-backed",see instance + wfh-008-validate.py output,specified-not-enforced,n/a,not-applicable,not-applicable,not-applicable,not-applicable,not-applicable,not-applicable,not-applicable,not-applicable,not-applicable,not-applicable,not-applicable,not-applicable
core.Record.fields.currentness,Record,exercised,not-applicable,"R01,R02,R03,R04,R05,R06,M01,M02,M06,T01,T02",core.Record.fields.currentness,"RC-SCOPE,RC-W1,RC-W2,RC-W3,RC-W4,RC-W5",1,set on 24/24 instances,wfh-008 alphabet R + M01 as parsed + T01/T02 (ledgered transitive),"git for file-backed, Unimatrix/forge for service-backed",see instance + wfh-008-validate.py output,specified-not-enforced,n/a,not-applicable,not-applicable,not-applicable,not-applicable,not-applicable,not-applicable,not-applicable,not-applicable,not-applicable,not-applicable,not-applicable,not-applicable
core.Record.fields.provenance_refs,Record,exercised,not-applicable,"R01,R02,R03,R04,R05,R06,M01,M02,M06,T01,T02",core.Record.fields.provenance_refs,"RC-SCOPE,RC-W1,RC-W2,RC-W3,RC-W4,RC-W5",1,set on 24/24 instances,wfh-008 alphabet R + M01 as parsed + T01/T02 (ledgered transitive),"git for file-backed, Unimatrix/forge for service-backed",see instance + wfh-008-validate.py output,specified-not-enforced,n/a,not-applicable,not-applicable,not-applicable,not-applicable,not-applicable,not-applicable,not-applicable,not-applicable,not-applicable,not-applicable,not-applicable,not-applicable
core.Record.fields.missing_or_unavailable_refs,Record,exercised,not-applicable,"R01,R02,R03,R04,R05,R06,M01,M02,M06,T01,T02",core.Record.fields.missing_or_unavailable_refs,"RC-W1,RC-W2,RC-W6,RC-COV-R1,RC-COV-R2,RC-REPORT",1,set on 12/24 instances,wfh-008 alphabet R + M01 as parsed + T01/T02 (ledgered transitive),"git for file-backed, Unimatrix/forge for service-backed",see instance + wfh-008-validate.py output,specified-not-enforced,n/a,not-applicable,not-applicable,not-applicable,not-applicable,not-applicable,not-applicable,not-applicable,not-applicable,not-applicable,not-applicable,not-applicable,not-applicable
core.Record.relations.documents,Record,exercised,not-applicable,"R01,R02,R03,R04,R05,R06,M01,M02,M06,T01,T02",core.Record.relations.documents,"RC-SCOPE,RC-COV-R1,RC-COV-R2,RC-REPORT,RC-RELEVANCE,RC-ISSUE-66",1,"non-empty on 8/24; declared inverse, closed mechanically",wfh-008 alphabet R + M01 as parsed + T01/T02 (ledgered transitive),"git for file-backed, Unimatrix/forge for service-backed",see instance + wfh-008-validate.py output,mechanically checkable and checked,n/a,not-applicable,not-applicable,not-applicable,not-applicable,not-applicable,not-applicable,not-applicable,not-applicable,not-applicable,not-applicable,not-applicable,not-applicable
core.Record.relations.admitted_by,Record,exercised,not-applicable,"R01,R02,R03,R04,R05,R06,M01,M02,M06,T01,T02",core.Record.relations.admitted_by,"RC-SCOPE,RC-W1,RC-W2,RC-W3,RC-W4,RC-W5",1,"non-empty on 16/24; one-way, served by index",wfh-008 alphabet R + M01 as parsed + T01/T02 (ledgered transitive),"git for file-backed, Unimatrix/forge for service-backed",see instance + wfh-008-validate.py output,mechanically checkable and checked,n/a,not-applicable,not-applicable,not-applicable,not-applicable,not-applicable,not-applicable,not-applicable,not-applicable,not-applicable,not-applicable,not-applicable,not-applicable
core.Record.relations.supersedes,Record,exercised,not-applicable,"R01,R02,R03,R04,R05,R06,M01,M02,M06,T01,T02",core.Record.relations.supersedes,"RC-COV-R2,RC-UNI-316",1,"non-empty on 2/24; one-way, served by index",wfh-008 alphabet R + M01 as parsed + T01/T02 (ledgered transitive),"git for file-backed, Unimatrix/forge for service-backed",see instance + wfh-008-validate.py output,mechanically checkable and checked,n/a,not-applicable,not-applicable,not-applicable,not-applicable,not-applicable,not-applicable,not-applicable,not-applicable,not-applicable,not-applicable,not-applicable,not-applicable
core.Record.extension_owner.schema,Record,exercised,PR-I19-BINDING-ALTITUDE,"R01,R02,R03,R04,R05,R06,M01,M02,M06,T01,T02",core.Record.extension_owner.schema,registry_extensions,1,owner=category; exercised by the program-owned registry extensions in this instance,wfh-008 alphabet R + M01 as parsed + T01/T02 (ledgered transitive),"git for file-backed, Unimatrix/forge for service-backed",see instance + wfh-008-validate.py output,specified-not-enforced,S6: I19 binds from Workflow only,model-defect,"I19 (program extensions may not weaken common invariants) is cited by Workflow ALONE, yet this instance registers program-owned extensions on unit_kind, record_category, effect_class and event_type - owned by Workflow, Scope, Scope and the registry respectively. Three of the four owners are not Workflow, so nothing binds I19 to them. Review finding S6 raised exactly this and it is unresolved in the pinned file.","representable; the extensions conform, and no per-construct binding required them to",not-applicable,not-applicable,not-applicable,not-applicable,not-applicable,yes,not-applicable,not-applicable,not-applicable
core.Record.extension_owner.admission,Record,exercised,PR-I19-BINDING-ALTITUDE,"R01,R02,R03,R04,R05,R06,M01,M02,M06,T01,T02",core.Record.extension_owner.admission,registry_extensions,1,owner=category; exercised by the program-owned registry extensions in this instance,wfh-008 alphabet R + M01 as parsed + T01/T02 (ledgered transitive),"git for file-backed, Unimatrix/forge for service-backed",see instance + wfh-008-validate.py output,specified-not-enforced,S6: I19 binds from Workflow only,model-defect,"I19 (program extensions may not weaken common invariants) is cited by Workflow ALONE, yet this instance registers program-owned extensions on unit_kind, record_category, effect_class and event_type - owned by Workflow, Scope, Scope and the registry respectively. Three of the four owners are not Workflow, so nothing binds I19 to them. Review finding S6 raised exactly this and it is unresolved in the pinned file.","representable; the extensions conform, and no per-construct binding required them to",not-applicable,not-applicable,not-applicable,not-applicable,not-applicable,yes,not-applicable,not-applicable,not-applicable
core.Record.extension_owner.retrieval,Record,exercised,PR-I19-BINDING-ALTITUDE,"R01,R02,R03,R04,R05,R06,M01,M02,M06,T01,T02",core.Record.extension_owner.retrieval,registry_extensions,1,owner=category; exercised by the program-owned registry extensions in this instance,wfh-008 alphabet R + M01 as parsed + T01/T02 (ledgered transitive),"git for file-backed, Unimatrix/forge for service-backed",see instance + wfh-008-validate.py output,specified-not-enforced,S6: I19 binds from Workflow only,model-defect,"I19 (program extensions may not weaken common invariants) is cited by Workflow ALONE, yet this instance registers program-owned extensions on unit_kind, record_category, effect_class and event_type - owned by Workflow, Scope, Scope and the registry respectively. Three of the four owners are not Workflow, so nothing binds I19 to them. Review finding S6 raised exactly this and it is unresolved in the pinned file.","representable; the extensions conform, and no per-construct binding required them to",not-applicable,not-applicable,not-applicable,not-applicable,not-applicable,yes,not-applicable,not-applicable,not-applicable
core.Record.extension_owner.lifecycle,Record,exercised,PR-I19-BINDING-ALTITUDE,"R01,R02,R03,R04,R05,R06,M01,M02,M06,T01,T02",core.Record.extension_owner.lifecycle,registry_extensions,1,owner=category; exercised by the program-owned registry extensions in this instance,wfh-008 alphabet R + M01 as parsed + T01/T02 (ledgered transitive),"git for file-backed, Unimatrix/forge for service-backed",see instance + wfh-008-validate.py output,specified-not-enforced,S6: I19 binds from Workflow only,model-defect,"I19 (program extensions may not weaken common invariants) is cited by Workflow ALONE, yet this instance registers program-owned extensions on unit_kind, record_category, effect_class and event_type - owned by Workflow, Scope, Scope and the registry respectively. Three of the four owners are not Workflow, so nothing binds I19 to them. Review finding S6 raised exactly this and it is unresolved in the pinned file.","representable; the extensions conform, and no per-construct binding required them to",not-applicable,not-applicable,not-applicable,not-applicable,not-applicable,yes,not-applicable,not-applicable,not-applicable
core.Record.extension_owner.correction,Record,exercised,PR-I19-BINDING-ALTITUDE,"R01,R02,R03,R04,R05,R06,M01,M02,M06,T01,T02",core.Record.extension_owner.correction,registry_extensions,1,owner=category; exercised by the program-owned registry extensions in this instance,wfh-008 alphabet R + M01 as parsed + T01/T02 (ledgered transitive),"git for file-backed, Unimatrix/forge for service-backed",see instance + wfh-008-validate.py output,specified-not-enforced,S6: I19 binds from Workflow only,model-defect,"I19 (program extensions may not weaken common invariants) is cited by Workflow ALONE, yet this instance registers program-owned extensions on unit_kind, record_category, effect_class and event_type - owned by Workflow, Scope, Scope and the registry respectively. Three of the four owners are not Workflow, so nothing binds I19 to them. Review finding S6 raised exactly this and it is unresolved in the pinned file.","representable; the extensions conform, and no per-construct binding required them to",not-applicable,not-applicable,not-applicable,not-applicable,not-applicable,yes,not-applicable,not-applicable,not-applicable
core.Record.open[0],Record,construct-pressure,not-applicable,"R01,R02,R03,R04,R05,R06,M01,M02,M06,T01,T02",core.Record.open[0],none,not-applicable,Category configuration,wfh-008 alphabet R + M01 as parsed + T01/T02 (ledgered transitive),"git for file-backed, Unimatrix/forge for service-backed",see instance + wfh-008-validate.py output,not-applicable,still-open,not-applicable,not-applicable,not-applicable,not-applicable,not-applicable,not-applicable,not-applicable,not-applicable,not-applicable,not-applicable,not-applicable,not-applicable
core.Record.open[1],Record,construct-pressure,not-applicable,"R01,R02,R03,R04,R05,R06,M01,M02,M06,T01,T02",core.Record.open[1],none,not-applicable,admission rules,wfh-008 alphabet R + M01 as parsed + T01/T02 (ledgered transitive),"git for file-backed, Unimatrix/forge for service-backed",see instance + wfh-008-validate.py output,not-applicable,still-open,not-applicable,not-applicable,not-applicable,not-applicable,not-applicable,not-applicable,not-applicable,not-applicable,not-applicable,not-applicable,not-applicable,not-applicable
core.Record.open[2],Record,construct-pressure,not-applicable,"R01,R02,R03,R04,R05,R06,M01,M02,M06,T01,T02",core.Record.open[2],none,not-applicable,lesson-learned versus pattern boundary,wfh-008 alphabet R + M01 as parsed + T01/T02 (ledgered transitive),"git for file-backed, Unimatrix/forge for service-backed",see instance + wfh-008-validate.py output,not-applicable,still-open,not-applicable,not-applicable,not-applicable,not-applicable,not-applicable,not-applicable,not-applicable,not-applicable,not-applicable,not-applicable,not-applicable,not-applicable
supporting.Workflow.versioned,Workflow,exercised,not-applicable,"R01,R02,R03,R04,R05,R06,M01,M02,M06,T01,T02",supporting.Workflow.versioned,WF-RESEARCH-SCOPE,1,versioned=True; the checker enforces presence/absence of a version on every instance,wfh-008 alphabet R + M01 as parsed + T01/T02 (ledgered transitive),git .claude/ - inside the governed repository,see instance + wfh-008-validate.py output,mechanically checkable and checked,n/a,not-applicable,not-applicable,not-applicable,not-applicable,not-applicable,not-applicable,not-applicable,not-applicable,not-applicable,not-applicable,not-applicable,not-applicable
supporting.Workflow.identity,Workflow,exercised,not-applicable,"R01,R02,R03,R04,R05,R06,M01,M02,M06,T01,T02",supporting.Workflow.identity,WF-RESEARCH-SCOPE,1,identity=workflow_id; opaque ids in the instance,wfh-008 alphabet R + M01 as parsed + T01/T02 (ledgered transitive),git .claude/ - inside the governed repository,see instance + wfh-008-validate.py output,specified-not-enforced,n/a,not-applicable,not-applicable,not-applicable,not-applicable,not-applicable,not-applicable,not-applicable,not-applicable,not-applicable,not-applicable,not-applicable,not-applicable
supporting.Workflow.form,Workflow,exercised,not-applicable,"R01,R02,R03,R04,R05,R06,M01,M02,M06,T01,T02",supporting.Workflow.form,WF-RESEARCH-SCOPE,1,form=entity,wfh-008 alphabet R + M01 as parsed + T01/T02 (ledgered transitive),git .claude/ - inside the governed repository,see instance + wfh-008-validate.py output,not-applicable,S3: form is undocumented in notation,not-applicable,not-applicable,not-applicable,not-applicable,not-applicable,not-applicable,not-applicable,not-applicable,not-applicable,not-applicable,not-applicable,not-applicable
supporting.Workflow.status,Workflow,exercised,not-applicable,"R01,R02,R03,R04,R05,R06,M01,M02,M06,T01,T02",supporting.Workflow.status,none,not-applicable,"model status=OPEN; consumed as test input, not as permission to fill holes",wfh-008 alphabet R + M01 as parsed + T01/T02 (ledgered transitive),git .claude/ - inside the governed repository,see instance + wfh-008-validate.py output,not-applicable,n/a,not-applicable,not-applicable,not-applicable,not-applicable,not-applicable,not-applicable,not-applicable,not-applicable,not-applicable,not-applicable,not-applicable,not-applicable
supporting.Workflow.owner,Workflow,exercised,not-applicable,"R01,R02,R03,R04,R05,R06,M01,M02,M06,T01,T02",supporting.Workflow.owner,none,not-applicable,owner=Program,wfh-008 alphabet R + M01 as parsed + T01/T02 (ledgered transitive),git .claude/ - inside the governed repository,see instance + wfh-008-validate.py output,specified-not-enforced,S3: owner is undocumented in notation,not-applicable,not-applicable,not-applicable,not-applicable,not-applicable,not-applicable,not-applicable,not-applicable,not-applicable,not-applicable,not-applicable,not-applicable
supporting.Workflow.invariants,Workflow,exercised,not-applicable,"R01,R02,R03,R04,R05,R06,M01,M02,M06,T01,T02",supporting.Workflow.invariants,none,not-applicable,"cites ['I18', 'I19']",wfh-008 alphabet R + M01 as parsed + T01/T02 (ledgered transitive),git .claude/ - inside the governed repository,see instance + wfh-008-validate.py output,see the invariant rows,n/a,not-applicable,not-applicable,not-applicable,not-applicable,not-applicable,not-applicable,not-applicable,not-applicable,not-applicable,not-applicable,not-applicable,not-applicable
supporting.Workflow.fields.name,Workflow,exercised,not-applicable,"R01,R02,R03,R04,R05,R06,M01,M02,M06,T01,T02",supporting.Workflow.fields.name,WF-RESEARCH-SCOPE,1,set on 1/1 instances,wfh-008 alphabet R + M01 as parsed + T01/T02 (ledgered transitive),git .claude/ - inside the governed repository,see instance + wfh-008-validate.py output,specified-not-enforced,n/a,not-applicable,not-applicable,not-applicable,not-applicable,not-applicable,not-applicable,not-applicable,not-applicable,not-applicable,not-applicable,not-applicable,not-applicable
supporting.Workflow.fields.method_statement,Workflow,exercised,not-applicable,"R01,R02,R03,R04,R05,R06,M01,M02,M06,T01,T02",supporting.Workflow.fields.method_statement,WF-RESEARCH-SCOPE,1,set on 1/1 instances,wfh-008 alphabet R + M01 as parsed + T01/T02 (ledgered transitive),git .claude/ - inside the governed repository,see instance + wfh-008-validate.py output,specified-not-enforced,n/a,not-applicable,not-applicable,not-applicable,not-applicable,not-applicable,not-applicable,not-applicable,not-applicable,not-applicable,not-applicable,not-applicable,not-applicable
supporting.Workflow.fields.owner_scope_ref,Workflow,exercised,not-applicable,"R01,R02,R03,R04,R05,R06,M01,M02,M06,T01,T02",supporting.Workflow.fields.owner_scope_ref,WF-RESEARCH-SCOPE,1,set on 1/1 instances,wfh-008 alphabet R + M01 as parsed + T01/T02 (ledgered transitive),git .claude/ - inside the governed repository,see instance + wfh-008-validate.py output,specified-not-enforced,n/a,not-applicable,not-applicable,not-applicable,not-applicable,not-applicable,not-applicable,not-applicable,not-applicable,not-applicable,not-applicable,not-applicable,not-applicable
supporting.Workflow.fields.unit_kinds,Workflow,exercised,not-applicable,"R01,R02,R03,R04,R05,R06,M01,M02,M06,T01,T02",supporting.Workflow.fields.unit_kinds,WF-RESEARCH-SCOPE,1,set on 1/1 instances,wfh-008 alphabet R + M01 as parsed + T01/T02 (ledgered transitive),git .claude/ - inside the governed repository,see instance + wfh-008-validate.py output,specified-not-enforced,n/a,not-applicable,not-applicable,not-applicable,not-applicable,not-applicable,not-applicable,not-applicable,not-applicable,not-applicable,not-applicable,not-applicable,not-applicable
supporting.Workflow.fields.dependency_rules,Workflow,exercised,not-applicable,"R01,R02,R03,R04,R05,R06,M01,M02,M06,T01,T02",supporting.Workflow.fields.dependency_rules,WF-RESEARCH-SCOPE,1,set on 1/1 instances,wfh-008 alphabet R + M01 as parsed + T01/T02 (ledgered transitive),git .claude/ - inside the governed repository,see instance + wfh-008-validate.py output,specified-not-enforced,n/a,not-applicable,not-applicable,not-applicable,not-applicable,not-applicable,not-applicable,not-applicable,not-applicable,not-applicable,not-applicable,not-applicable,not-applicable
supporting.Workflow.fields.state_vocabulary,Workflow,exercised,not-applicable,"R01,R02,R03,R04,R05,R06,M01,M02,M06,T01,T02",supporting.Workflow.fields.state_vocabulary,WF-RESEARCH-SCOPE,1,set on 1/1 instances,wfh-008 alphabet R + M01 as parsed + T01/T02 (ledgered transitive),git .claude/ - inside the governed repository,see instance + wfh-008-validate.py output,specified-not-enforced,n/a,not-applicable,not-applicable,not-applicable,not-applicable,not-applicable,not-applicable,not-applicable,not-applicable,not-applicable,not-applicable,not-applicable,not-applicable
supporting.Workflow.fields.definition_custodian_ref,Workflow,construct-pressure,PR-METHOD-CUSTODY,"R01,R02,R03,R04,R05,R06,M01,M02,M06,T01,T02",supporting.Workflow.fields.definition_custodian_ref,WF-RESEARCH-SCOPE,1,set on 1/1; APPROXIMATED on ['WF-RESEARCH-SCOPE'],wfh-008 alphabet R + M01 as parsed + T01/T02 (ledgered transitive),git .claude/ - inside the governed repository,see instance + wfh-008-validate.py output,specified-not-enforced,pressure,enforcement-gap; project-evolution-candidate,"I18 requires Workflow/Gate/Delegation custody to sit outside the governed activity. All method definitions live in .claude/ inside the repository the governed agents write to; there is NO CODEOWNERS file and no branch-protection artifact in the tree. The most recent revision of research-scope.md (9d7806a, 2026-08-27) was authored by the agent identity 'Claude Opus 4.8' - the governed actor class edited its own governing definition. Separately, an npx install silently overwrote twelve method files on 2026-08-27 with no decision Event.","representable, and the instance records the custody as prose because there is nothing else to record; definition_custodian_ref is marked _approx on WF-RESEARCH-SCOPE",see CF-02 - a sha256 manifest over the method surface plus a drift check,"an evidenced integrity incident that nothing detected mechanically; the argument is about that incident, not about a data model","detects drift; explicitly does NOT establish custody, because the manifest is itself editable by the governed party (the #320 predicate applies to it)","one manifest, one hook, one protocol line; recurring regeneration on legitimate method change",.claude/settings.json; a new .claude/METHOD-MANIFEST.sha256; .claude/workflow/research-scope.md,yes,yes,detection improves; I18 remains UNSATISFIED in both forms - the evolution does not repair it,open.custody_enforcement says no common enforcement point exists; whether I18 is satisfiable inside a single repository at all is not decidable here
supporting.Workflow.relations.applies_to,Workflow,exercised,not-applicable,"R01,R02,R03,R04,R05,R06,M01,M02,M06,T01,T02",supporting.Workflow.relations.applies_to,WF-RESEARCH-SCOPE,1,"non-empty on 1/1; one-way, served by index",wfh-008 alphabet R + M01 as parsed + T01/T02 (ledgered transitive),git .claude/ - inside the governed repository,see instance + wfh-008-validate.py output,mechanically checkable and checked,n/a,not-applicable,not-applicable,not-applicable,not-applicable,not-applicable,not-applicable,not-applicable,not-applicable,not-applicable,not-applicable,not-applicable,not-applicable
supporting.Workflow.relations.requires,Workflow,exercised,not-applicable,"R01,R02,R03,R04,R05,R06,M01,M02,M06,T01,T02",supporting.Workflow.relations.requires,WF-RESEARCH-SCOPE,1,"non-empty on 1/1; declared inverse, closed mechanically",wfh-008 alphabet R + M01 as parsed + T01/T02 (ledgered transitive),git .claude/ - inside the governed repository,see instance + wfh-008-validate.py output,mechanically checkable and checked,n/a,not-applicable,not-applicable,not-applicable,not-applicable,not-applicable,not-applicable,not-applicable,not-applicable,not-applicable,not-applicable,not-applicable,not-applicable
supporting.Workflow.relations.binds,Workflow,exercised,not-applicable,"R01,R02,R03,R04,R05,R06,M01,M02,M06,T01,T02",supporting.Workflow.relations.binds,WF-RESEARCH-SCOPE,1,"non-empty on 1/1; declared inverse, closed mechanically",wfh-008 alphabet R + M01 as parsed + T01/T02 (ledgered transitive),git .claude/ - inside the governed repository,see instance + wfh-008-validate.py output,mechanically checkable and checked,n/a,not-applicable,not-applicable,not-applicable,not-applicable,not-applicable,not-applicable,not-applicable,not-applicable,not-applicable,not-applicable,not-applicable,not-applicable
supporting.Workflow.relations.governs,Workflow,exercised,not-applicable,"R01,R02,R03,R04,R05,R06,M01,M02,M06,T01,T02",supporting.Workflow.relations.governs,WF-RESEARCH-SCOPE,1,"non-empty on 1/1; declared inverse, closed mechanically",wfh-008 alphabet R + M01 as parsed + T01/T02 (ledgered transitive),git .claude/ - inside the governed repository,see instance + wfh-008-validate.py output,mechanically checkable and checked,n/a,not-applicable,not-applicable,not-applicable,not-applicable,not-applicable,not-applicable,not-applicable,not-applicable,not-applicable,not-applicable,not-applicable,not-applicable
supporting.Workflow.relations.supersedes,Workflow,not-applicable,not-applicable,"R01,R02,R03,R04,R05,R06,M01,M02,M06,T01,T02",supporting.Workflow.relations.supersedes,none,not-applicable,empty on every instance - no historical occurrence,wfh-008 alphabet R + M01 as parsed + T01/T02 (ledgered transitive),git .claude/ - inside the governed repository,see instance + wfh-008-validate.py output,specified-not-enforced,missing-history,not-applicable,not-applicable,not-applicable,not-applicable,not-applicable,not-applicable,not-applicable,not-applicable,not-applicable,not-applicable,not-applicable,not-applicable
supporting.Workflow.extension_owner.unit_kinds,Workflow,exercised,PR-I19-BINDING-ALTITUDE,"R01,R02,R03,R04,R05,R06,M01,M02,M06,T01,T02",supporting.Workflow.extension_owner.unit_kinds,registry_extensions,1,owner=program; exercised by the program-owned registry extensions in this instance,wfh-008 alphabet R + M01 as parsed + T01/T02 (ledgered transitive),git .claude/ - inside the governed repository,see instance + wfh-008-validate.py output,specified-not-enforced,S6: I19 binds from Workflow only,model-defect,"I19 (program extensions may not weaken common invariants) is cited by Workflow ALONE, yet this instance registers program-owned extensions on unit_kind, record_category, effect_class and event_type - owned by Workflow, Scope, Scope and the registry respectively. Three of the four owners are not Workflow, so nothing binds I19 to them. Review finding S6 raised exactly this and it is unresolved in the pinned file.","representable; the extensions conform, and no per-construct binding required them to",not-applicable,not-applicable,not-applicable,not-applicable,not-applicable,yes,not-applicable,not-applicable,not-applicable
supporting.Workflow.extension_owner.states,Workflow,exercised,PR-I19-BINDING-ALTITUDE,"R01,R02,R03,R04,R05,R06,M01,M02,M06,T01,T02",supporting.Workflow.extension_owner.states,registry_extensions,1,owner=program; exercised by the program-owned registry extensions in this instance,wfh-008 alphabet R + M01 as parsed + T01/T02 (ledgered transitive),git .claude/ - inside the governed repository,see instance + wfh-008-validate.py output,specified-not-enforced,S6: I19 binds from Workflow only,model-defect,"I19 (program extensions may not weaken common invariants) is cited by Workflow ALONE, yet this instance registers program-owned extensions on unit_kind, record_category, effect_class and event_type - owned by Workflow, Scope, Scope and the registry respectively. Three of the four owners are not Workflow, so nothing binds I19 to them. Review finding S6 raised exactly this and it is unresolved in the pinned file.","representable; the extensions conform, and no per-construct binding required them to",not-applicable,not-applicable,not-applicable,not-applicable,not-applicable,yes,not-applicable,not-applicable,not-applicable
supporting.Workflow.extension_owner.dependency_rules,Workflow,exercised,PR-I19-BINDING-ALTITUDE,"R01,R02,R03,R04,R05,R06,M01,M02,M06,T01,T02",supporting.Workflow.extension_owner.dependency_rules,registry_extensions,1,owner=program; exercised by the program-owned registry extensions in this instance,wfh-008 alphabet R + M01 as parsed + T01/T02 (ledgered transitive),git .claude/ - inside the governed repository,see instance + wfh-008-validate.py output,specified-not-enforced,S6: I19 binds from Workflow only,model-defect,"I19 (program extensions may not weaken common invariants) is cited by Workflow ALONE, yet this instance registers program-owned extensions on unit_kind, record_category, effect_class and event_type - owned by Workflow, Scope, Scope and the registry respectively. Three of the four owners are not Workflow, so nothing binds I19 to them. Review finding S6 raised exactly this and it is unresolved in the pinned file.","representable; the extensions conform, and no per-construct binding required them to",not-applicable,not-applicable,not-applicable,not-applicable,not-applicable,yes,not-applicable,not-applicable,not-applicable
supporting.Workflow.open[0],Workflow,construct-pressure,not-applicable,"R01,R02,R03,R04,R05,R06,M01,M02,M06,T01,T02",supporting.Workflow.open[0],none,not-applicable,method admission and improvement evidence,wfh-008 alphabet R + M01 as parsed + T01/T02 (ledgered transitive),git .claude/ - inside the governed repository,see instance + wfh-008-validate.py output,not-applicable,still-open,not-applicable,not-applicable,not-applicable,not-applicable,not-applicable,not-applicable,not-applicable,not-applicable,not-applicable,not-applicable,not-applicable,not-applicable
supporting.Workflow.open[1],Workflow,construct-pressure,not-applicable,"R01,R02,R03,R04,R05,R06,M01,M02,M06,T01,T02",supporting.Workflow.open[1],none,not-applicable,cross-program reuse,wfh-008 alphabet R + M01 as parsed + T01/T02 (ledgered transitive),git .claude/ - inside the governed repository,see instance + wfh-008-validate.py output,not-applicable,still-open,not-applicable,not-applicable,not-applicable,not-applicable,not-applicable,not-applicable,not-applicable,not-applicable,not-applicable,not-applicable,not-applicable,not-applicable
supporting.Skill.versioned,Skill,exercised,not-applicable,"R01,R02,R03,R04,R05,R06,M01,M02,M06,T01,T02",supporting.Skill.versioned,"SK-READ-ONLY-RESEARCH,SK-FINDINGS-AUTHORING,SK-RUN-ORCHESTRATION",1,versioned=True; the checker enforces presence/absence of a version on every instance,wfh-008 alphabet R + M01 as parsed + T01/T02 (ledgered transitive),git .claude/agents frontmatter,see instance + wfh-008-validate.py output,mechanically checkable and checked,n/a,not-applicable,not-applicable,not-applicable,not-applicable,not-applicable,not-applicable,not-applicable,not-applicable,not-applicable,not-applicable,not-applicable,not-applicable
supporting.Skill.identity,Skill,exercised,not-applicable,"R01,R02,R03,R04,R05,R06,M01,M02,M06,T01,T02",supporting.Skill.identity,"SK-READ-ONLY-RESEARCH,SK-FINDINGS-AUTHORING,SK-RUN-ORCHESTRATION",1,identity=skill_id; opaque ids in the instance,wfh-008 alphabet R + M01 as parsed + T01/T02 (ledgered transitive),git .claude/agents frontmatter,see instance + wfh-008-validate.py output,specified-not-enforced,n/a,not-applicable,not-applicable,not-applicable,not-applicable,not-applicable,not-applicable,not-applicable,not-applicable,not-applicable,not-applicable,not-applicable,not-applicable
supporting.Skill.form,Skill,exercised,not-applicable,"R01,R02,R03,R04,R05,R06,M01,M02,M06,T01,T02",supporting.Skill.form,"SK-READ-ONLY-RESEARCH,SK-FINDINGS-AUTHORING,SK-RUN-ORCHESTRATION",1,form=entity,wfh-008 alphabet R + M01 as parsed + T01/T02 (ledgered transitive),git .claude/agents frontmatter,see instance + wfh-008-validate.py output,not-applicable,S3: form is undocumented in notation,not-applicable,not-applicable,not-applicable,not-applicable,not-applicable,not-applicable,not-applicable,not-applicable,not-applicable,not-applicable,not-applicable,not-applicable
supporting.Skill.status,Skill,exercised,not-applicable,"R01,R02,R03,R04,R05,R06,M01,M02,M06,T01,T02",supporting.Skill.status,none,not-applicable,"model status=OPEN; consumed as test input, not as permission to fill holes",wfh-008 alphabet R + M01 as parsed + T01/T02 (ledgered transitive),git .claude/agents frontmatter,see instance + wfh-008-validate.py output,not-applicable,n/a,not-applicable,not-applicable,not-applicable,not-applicable,not-applicable,not-applicable,not-applicable,not-applicable,not-applicable,not-applicable,not-applicable,not-applicable
supporting.Skill.owner,Skill,exercised,not-applicable,"R01,R02,R03,R04,R05,R06,M01,M02,M06,T01,T02",supporting.Skill.owner,none,not-applicable,owner=Collective or Program,wfh-008 alphabet R + M01 as parsed + T01/T02 (ledgered transitive),git .claude/agents frontmatter,see instance + wfh-008-validate.py output,specified-not-enforced,S3: owner is undocumented in notation,not-applicable,not-applicable,not-applicable,not-applicable,not-applicable,not-applicable,not-applicable,not-applicable,not-applicable,not-applicable,not-applicable,not-applicable
supporting.Skill.invariants,Skill,exercised,not-applicable,"R01,R02,R03,R04,R05,R06,M01,M02,M06,T01,T02",supporting.Skill.invariants,none,not-applicable,cites ['I10'],wfh-008 alphabet R + M01 as parsed + T01/T02 (ledgered transitive),git .claude/agents frontmatter,see instance + wfh-008-validate.py output,see the invariant rows,n/a,not-applicable,not-applicable,not-applicable,not-applicable,not-applicable,not-applicable,not-applicable,not-applicable,not-applicable,not-applicable,not-applicable,not-applicable
supporting.Skill.fields.name,Skill,exercised,not-applicable,"R01,R02,R03,R04,R05,R06,M01,M02,M06,T01,T02",supporting.Skill.fields.name,"SK-READ-ONLY-RESEARCH,SK-FINDINGS-AUTHORING,SK-RUN-ORCHESTRATION,SK-PHASE-GATING,SK-GIT-AND-ISSUE-OPS,SK-BUDGET-CONTROL",1,set on 16/16 instances,wfh-008 alphabet R + M01 as parsed + T01/T02 (ledgered transitive),git .claude/agents frontmatter,see instance + wfh-008-validate.py output,specified-not-enforced,n/a,not-applicable,not-applicable,not-applicable,not-applicable,not-applicable,not-applicable,not-applicable,not-applicable,not-applicable,not-applicable,not-applicable,not-applicable
supporting.Skill.fields.work_class,Skill,exercised,not-applicable,"R01,R02,R03,R04,R05,R06,M01,M02,M06,T01,T02",supporting.Skill.fields.work_class,"SK-READ-ONLY-RESEARCH,SK-FINDINGS-AUTHORING,SK-RUN-ORCHESTRATION,SK-PHASE-GATING,SK-GIT-AND-ISSUE-OPS,SK-BUDGET-CONTROL",1,set on 16/16 instances,wfh-008 alphabet R + M01 as parsed + T01/T02 (ledgered transitive),git .claude/agents frontmatter,see instance + wfh-008-validate.py output,specified-not-enforced,n/a,not-applicable,not-applicable,not-applicable,not-applicable,not-applicable,not-applicable,not-applicable,not-applicable,not-applicable,not-applicable,not-applicable,not-applicable
supporting.Skill.fields.definition_record_ref,Skill,exercised,not-applicable,"R01,R02,R03,R04,R05,R06,M01,M02,M06,T01,T02",supporting.Skill.fields.definition_record_ref,"SK-READ-ONLY-RESEARCH,SK-FINDINGS-AUTHORING",1,set on 2/16 instances,wfh-008 alphabet R + M01 as parsed + T01/T02 (ledgered transitive),git .claude/agents frontmatter,see instance + wfh-008-validate.py output,specified-not-enforced,n/a,not-applicable,not-applicable,not-applicable,not-applicable,not-applicable,not-applicable,not-applicable,not-applicable,not-applicable,not-applicable,not-applicable,not-applicable
supporting.Skill.fields.required_tool_classes,Skill,exercised,not-applicable,"R01,R02,R03,R04,R05,R06,M01,M02,M06,T01,T02",supporting.Skill.fields.required_tool_classes,"SK-READ-ONLY-RESEARCH,SK-FINDINGS-AUTHORING,SK-GIT-AND-ISSUE-OPS,SK-GRAPH-AUTHORING",1,set on 4/16 instances,wfh-008 alphabet R + M01 as parsed + T01/T02 (ledgered transitive),git .claude/agents frontmatter,see instance + wfh-008-validate.py output,specified-not-enforced,n/a,not-applicable,not-applicable,not-applicable,not-applicable,not-applicable,not-applicable,not-applicable,not-applicable,not-applicable,not-applicable,not-applicable,not-applicable
supporting.Skill.fields.local_binding,Skill,not-applicable,not-applicable,"R01,R02,R03,R04,R05,R06,M01,M02,M06,T01,T02",supporting.Skill.fields.local_binding,none,not-applicable,optional field; the alphabet supplies no value,wfh-008 alphabet R + M01 as parsed + T01/T02 (ledgered transitive),git .claude/agents frontmatter,see instance + wfh-008-validate.py output,not-applicable,missing-history,not-applicable,not-applicable,not-applicable,not-applicable,not-applicable,not-applicable,not-applicable,not-applicable,not-applicable,not-applicable,not-applicable,not-applicable
supporting.Skill.relations.required_by,Skill,exercised,not-applicable,"R01,R02,R03,R04,R05,R06,M01,M02,M06,T01,T02",supporting.Skill.relations.required_by,"SK-READ-ONLY-RESEARCH,SK-FINDINGS-AUTHORING,SK-RUN-ORCHESTRATION,SK-PHASE-GATING,SK-GIT-AND-ISSUE-OPS,SK-BUDGET-CONTROL",1,"non-empty on 16/16; one-way, served by index",wfh-008 alphabet R + M01 as parsed + T01/T02 (ledgered transitive),git .claude/agents frontmatter,see instance + wfh-008-validate.py output,mechanically checkable and checked,n/a,not-applicable,not-applicable,not-applicable,not-applicable,not-applicable,not-applicable,not-applicable,not-applicable,not-applicable,not-applicable,not-applicable,not-applicable
supporting.Skill.relations.held_by,Skill,exercised,not-applicable,"R01,R02,R03,R04,R05,R06,M01,M02,M06,T01,T02",supporting.Skill.relations.held_by,"SK-READ-ONLY-RESEARCH,SK-FINDINGS-AUTHORING,SK-RUN-ORCHESTRATION,SK-PHASE-GATING,SK-GIT-AND-ISSUE-OPS,SK-BUDGET-CONTROL",1,"non-empty on 16/16; declared inverse, closed mechanically",wfh-008 alphabet R + M01 as parsed + T01/T02 (ledgered transitive),git .claude/agents frontmatter,see instance + wfh-008-validate.py output,mechanically checkable and checked,n/a,not-applicable,not-applicable,not-applicable,not-applicable,not-applicable,not-applicable,not-applicable,not-applicable,not-applicable,not-applicable,not-applicable,not-applicable
supporting.Skill.open[0],Skill,construct-pressure,not-applicable,"R01,R02,R03,R04,R05,R06,M01,M02,M06,T01,T02",supporting.Skill.open[0],none,not-applicable,shared catalog,wfh-008 alphabet R + M01 as parsed + T01/T02 (ledgered transitive),git .claude/agents frontmatter,see instance + wfh-008-validate.py output,not-applicable,still-open,not-applicable,not-applicable,not-applicable,not-applicable,not-applicable,not-applicable,not-applicable,not-applicable,not-applicable,not-applicable,not-applicable,not-applicable
supporting.Skill.open[1],Skill,construct-pressure,not-applicable,"R01,R02,R03,R04,R05,R06,M01,M02,M06,T01,T02",supporting.Skill.open[1],none,not-applicable,repository-local binding,wfh-008 alphabet R + M01 as parsed + T01/T02 (ledgered transitive),git .claude/agents frontmatter,see instance + wfh-008-validate.py output,not-applicable,still-open,not-applicable,not-applicable,not-applicable,not-applicable,not-applicable,not-applicable,not-applicable,not-applicable,not-applicable,not-applicable,not-applicable,not-applicable
supporting.Skill.open[2],Skill,construct-pressure,not-applicable,"R01,R02,R03,R04,R05,R06,M01,M02,M06,T01,T02",supporting.Skill.open[2],none,not-applicable,admission and evidence,wfh-008 alphabet R + M01 as parsed + T01/T02 (ledgered transitive),git .claude/agents frontmatter,see instance + wfh-008-validate.py output,not-applicable,still-open,not-applicable,not-applicable,not-applicable,not-applicable,not-applicable,not-applicable,not-applicable,not-applicable,not-applicable,not-applicable,not-applicable,not-applicable
supporting.Role.versioned,Role,exercised,not-applicable,"R01,R02,R03,R04,R05,R06,M01,M02,M06,T01,T02",supporting.Role.versioned,"RO-OWNER,RO-THEME-COORD,RO-RESEARCH-LEADER",1,versioned=True; the checker enforces presence/absence of a version on every instance,wfh-008 alphabet R + M01 as parsed + T01/T02 (ledgered transitive),git .claude/agents,see instance + wfh-008-validate.py output,mechanically checkable and checked,n/a,not-applicable,not-applicable,not-applicable,not-applicable,not-applicable,not-applicable,not-applicable,not-applicable,not-applicable,not-applicable,not-applicable,not-applicable
supporting.Role.identity,Role,exercised,not-applicable,"R01,R02,R03,R04,R05,R06,M01,M02,M06,T01,T02",supporting.Role.identity,"RO-OWNER,RO-THEME-COORD,RO-RESEARCH-LEADER",1,identity=role_id; opaque ids in the instance,wfh-008 alphabet R + M01 as parsed + T01/T02 (ledgered transitive),git .claude/agents,see instance + wfh-008-validate.py output,specified-not-enforced,n/a,not-applicable,not-applicable,not-applicable,not-applicable,not-applicable,not-applicable,not-applicable,not-applicable,not-applicable,not-applicable,not-applicable,not-applicable
supporting.Role.form,Role,exercised,not-applicable,"R01,R02,R03,R04,R05,R06,M01,M02,M06,T01,T02",supporting.Role.form,"RO-OWNER,RO-THEME-COORD,RO-RESEARCH-LEADER",1,form=entity,wfh-008 alphabet R + M01 as parsed + T01/T02 (ledgered transitive),git .claude/agents,see instance + wfh-008-validate.py output,not-applicable,S3: form is undocumented in notation,not-applicable,not-applicable,not-applicable,not-applicable,not-applicable,not-applicable,not-applicable,not-applicable,not-applicable,not-applicable,not-applicable,not-applicable
supporting.Role.status,Role,exercised,not-applicable,"R01,R02,R03,R04,R05,R06,M01,M02,M06,T01,T02",supporting.Role.status,none,not-applicable,"model status=OPEN; consumed as test input, not as permission to fill holes",wfh-008 alphabet R + M01 as parsed + T01/T02 (ledgered transitive),git .claude/agents,see instance + wfh-008-validate.py output,not-applicable,n/a,not-applicable,not-applicable,not-applicable,not-applicable,not-applicable,not-applicable,not-applicable,not-applicable,not-applicable,not-applicable,not-applicable,not-applicable
supporting.Role.owner,Role,exercised,not-applicable,"R01,R02,R03,R04,R05,R06,M01,M02,M06,T01,T02",supporting.Role.owner,none,not-applicable,owner=Program,wfh-008 alphabet R + M01 as parsed + T01/T02 (ledgered transitive),git .claude/agents,see instance + wfh-008-validate.py output,specified-not-enforced,S3: owner is undocumented in notation,not-applicable,not-applicable,not-applicable,not-applicable,not-applicable,not-applicable,not-applicable,not-applicable,not-applicable,not-applicable,not-applicable,not-applicable
supporting.Role.invariants,Role,exercised,not-applicable,"R01,R02,R03,R04,R05,R06,M01,M02,M06,T01,T02",supporting.Role.invariants,none,not-applicable,"cites ['I10', 'I12']",wfh-008 alphabet R + M01 as parsed + T01/T02 (ledgered transitive),git .claude/agents,see instance + wfh-008-validate.py output,see the invariant rows,n/a,not-applicable,not-applicable,not-applicable,not-applicable,not-applicable,not-applicable,not-applicable,not-applicable,not-applicable,not-applicable,not-applicable,not-applicable
supporting.Role.fields.name,Role,exercised,not-applicable,"R01,R02,R03,R04,R05,R06,M01,M02,M06,T01,T02",supporting.Role.fields.name,"RO-OWNER,RO-THEME-COORD,RO-RESEARCH-LEADER,RO-FACTORY-RESEARCHER,RO-COVERAGE-AUDITOR,RO-FACTORY-CURATOR",1,set on 7/7 instances,wfh-008 alphabet R + M01 as parsed + T01/T02 (ledgered transitive),git .claude/agents,see instance + wfh-008-validate.py output,specified-not-enforced,n/a,not-applicable,not-applicable,not-applicable,not-applicable,not-applicable,not-applicable,not-applicable,not-applicable,not-applicable,not-applicable,not-applicable,not-applicable
supporting.Role.fields.responsibility,Role,exercised,not-applicable,"R01,R02,R03,R04,R05,R06,M01,M02,M06,T01,T02",supporting.Role.fields.responsibility,"RO-OWNER,RO-THEME-COORD,RO-RESEARCH-LEADER,RO-FACTORY-RESEARCHER,RO-COVERAGE-AUDITOR,RO-FACTORY-CURATOR",1,set on 7/7 instances,wfh-008 alphabet R + M01 as parsed + T01/T02 (ledgered transitive),git .claude/agents,see instance + wfh-008-validate.py output,specified-not-enforced,n/a,not-applicable,not-applicable,not-applicable,not-applicable,not-applicable,not-applicable,not-applicable,not-applicable,not-applicable,not-applicable,not-applicable,not-applicable
supporting.Role.fields.independence_constraints,Role,exercised,not-applicable,"R01,R02,R03,R04,R05,R06,M01,M02,M06,T01,T02",supporting.Role.fields.independence_constraints,"RO-OWNER,RO-THEME-COORD,RO-RESEARCH-LEADER,RO-FACTORY-RESEARCHER,RO-COVERAGE-AUDITOR,RO-FACTORY-CURATOR",1,set on 7/7 instances,wfh-008 alphabet R + M01 as parsed + T01/T02 (ledgered transitive),git .claude/agents,see instance + wfh-008-validate.py output,specified-not-enforced,n/a,not-applicable,not-applicable,not-applicable,not-applicable,not-applicable,not-applicable,not-applicable,not-applicable,not-applicable,not-applicable,not-applicable,not-applicable
supporting.Role.relations.requires,Role,exercised,not-applicable,"R01,R02,R03,R04,R05,R06,M01,M02,M06,T01,T02",supporting.Role.relations.requires,"RO-THEME-COORD,RO-RESEARCH-LEADER,RO-FACTORY-RESEARCHER,RO-COVERAGE-AUDITOR,RO-FACTORY-CURATOR,RO-GOAL-OWNER",1,"non-empty on 6/7; declared inverse, closed mechanically",wfh-008 alphabet R + M01 as parsed + T01/T02 (ledgered transitive),git .claude/agents,see instance + wfh-008-validate.py output,mechanically checkable and checked,n/a,not-applicable,not-applicable,not-applicable,not-applicable,not-applicable,not-applicable,not-applicable,not-applicable,not-applicable,not-applicable,not-applicable,not-applicable
supporting.Role.relations.assigned_to,Role,exercised,not-applicable,"R01,R02,R03,R04,R05,R06,M01,M02,M06,T01,T02",supporting.Role.relations.assigned_to,"RO-OWNER,RO-THEME-COORD,RO-RESEARCH-LEADER,RO-FACTORY-RESEARCHER,RO-COVERAGE-AUDITOR,RO-FACTORY-CURATOR",1,"non-empty on 7/7; declared inverse, closed mechanically",wfh-008 alphabet R + M01 as parsed + T01/T02 (ledgered transitive),git .claude/agents,see instance + wfh-008-validate.py output,mechanically checkable and checked,n/a,not-applicable,not-applicable,not-applicable,not-applicable,not-applicable,not-applicable,not-applicable,not-applicable,not-applicable,not-applicable,not-applicable,not-applicable
supporting.Role.relations.receives,Role,exercised,not-applicable,"R01,R02,R03,R04,R05,R06,M01,M02,M06,T01,T02",supporting.Role.relations.receives,"RO-THEME-COORD,RO-RESEARCH-LEADER,RO-FACTORY-RESEARCHER,RO-FACTORY-CURATOR,RO-GOAL-OWNER",1,"non-empty on 5/7; declared inverse, closed mechanically",wfh-008 alphabet R + M01 as parsed + T01/T02 (ledgered transitive),git .claude/agents,see instance + wfh-008-validate.py output,mechanically checkable and checked,n/a,not-applicable,not-applicable,not-applicable,not-applicable,not-applicable,not-applicable,not-applicable,not-applicable,not-applicable,not-applicable,not-applicable,not-applicable
supporting.Role.open[0],Role,construct-pressure,not-applicable,"R01,R02,R03,R04,R05,R06,M01,M02,M06,T01,T02",supporting.Role.open[0],none,not-applicable,composition,wfh-008 alphabet R + M01 as parsed + T01/T02 (ledgered transitive),git .claude/agents,see instance + wfh-008-validate.py output,not-applicable,still-open,not-applicable,not-applicable,not-applicable,not-applicable,not-applicable,not-applicable,not-applicable,not-applicable,not-applicable,not-applicable,not-applicable,not-applicable
supporting.Role.open[1],Role,construct-pressure,not-applicable,"R01,R02,R03,R04,R05,R06,M01,M02,M06,T01,T02",supporting.Role.open[1],none,not-applicable,incompatible-role enforcement,wfh-008 alphabet R + M01 as parsed + T01/T02 (ledgered transitive),git .claude/agents,see instance + wfh-008-validate.py output,not-applicable,still-open,not-applicable,not-applicable,not-applicable,not-applicable,not-applicable,not-applicable,not-applicable,not-applicable,not-applicable,not-applicable,not-applicable,not-applicable
supporting.Role.open[2],Role,construct-pressure,not-applicable,"R01,R02,R03,R04,R05,R06,M01,M02,M06,T01,T02",supporting.Role.open[2],none,not-applicable,program-local versus collective,wfh-008 alphabet R + M01 as parsed + T01/T02 (ledgered transitive),git .claude/agents,see instance + wfh-008-validate.py output,not-applicable,still-open,not-applicable,not-applicable,not-applicable,not-applicable,not-applicable,not-applicable,not-applicable,not-applicable,not-applicable,not-applicable,not-applicable,not-applicable
supporting.Delegation.versioned,Delegation,exercised,not-applicable,"R01,R02,R03,R04,R05,R06,M01,M02,M06,T01,T02",supporting.Delegation.versioned,"DL-COORD-STANDING,DL-RESEARCH-LEADER-STANDING,DL-RESEARCHER-STANDING",1,versioned=True; the checker enforces presence/absence of a version on every instance,wfh-008 alphabet R + M01 as parsed + T01/T02 (ledgered transitive),git themes.md and .claude/agents; no runtime carrier,see instance + wfh-008-validate.py output,mechanically checkable and checked,n/a,not-applicable,not-applicable,not-applicable,not-applicable,not-applicable,not-applicable,not-applicable,not-applicable,not-applicable,not-applicable,not-applicable,not-applicable
supporting.Delegation.identity,Delegation,exercised,not-applicable,"R01,R02,R03,R04,R05,R06,M01,M02,M06,T01,T02",supporting.Delegation.identity,"DL-COORD-STANDING,DL-RESEARCH-LEADER-STANDING,DL-RESEARCHER-STANDING",1,identity=delegation_id; opaque ids in the instance,wfh-008 alphabet R + M01 as parsed + T01/T02 (ledgered transitive),git themes.md and .claude/agents; no runtime carrier,see instance + wfh-008-validate.py output,specified-not-enforced,n/a,not-applicable,not-applicable,not-applicable,not-applicable,not-applicable,not-applicable,not-applicable,not-applicable,not-applicable,not-applicable,not-applicable,not-applicable
supporting.Delegation.form,Delegation,exercised,not-applicable,"R01,R02,R03,R04,R05,R06,M01,M02,M06,T01,T02",supporting.Delegation.form,"DL-COORD-STANDING,DL-RESEARCH-LEADER-STANDING,DL-RESEARCHER-STANDING",1,form=entity,wfh-008 alphabet R + M01 as parsed + T01/T02 (ledgered transitive),git themes.md and .claude/agents; no runtime carrier,see instance + wfh-008-validate.py output,not-applicable,S3: form is undocumented in notation,not-applicable,not-applicable,not-applicable,not-applicable,not-applicable,not-applicable,not-applicable,not-applicable,not-applicable,not-applicable,not-applicable,not-applicable
supporting.Delegation.status,Delegation,exercised,not-applicable,"R01,R02,R03,R04,R05,R06,M01,M02,M06,T01,T02",supporting.Delegation.status,none,not-applicable,"model status=OPEN; consumed as test input, not as permission to fill holes",wfh-008 alphabet R + M01 as parsed + T01/T02 (ledgered transitive),git themes.md and .claude/agents; no runtime carrier,see instance + wfh-008-validate.py output,not-applicable,n/a,not-applicable,not-applicable,not-applicable,not-applicable,not-applicable,not-applicable,not-applicable,not-applicable,not-applicable,not-applicable,not-applicable,not-applicable
supporting.Delegation.owner,Delegation,exercised,not-applicable,"R01,R02,R03,R04,R05,R06,M01,M02,M06,T01,T02",supporting.Delegation.owner,none,not-applicable,owner=Program or Workflow,wfh-008 alphabet R + M01 as parsed + T01/T02 (ledgered transitive),git themes.md and .claude/agents; no runtime carrier,see instance + wfh-008-validate.py output,specified-not-enforced,S3: owner is undocumented in notation,not-applicable,not-applicable,not-applicable,not-applicable,not-applicable,not-applicable,not-applicable,not-applicable,not-applicable,not-applicable,not-applicable,not-applicable
supporting.Delegation.invariants,Delegation,exercised,not-applicable,"R01,R02,R03,R04,R05,R06,M01,M02,M06,T01,T02",supporting.Delegation.invariants,none,not-applicable,"cites ['I12', 'I17', 'I18']",wfh-008 alphabet R + M01 as parsed + T01/T02 (ledgered transitive),git themes.md and .claude/agents; no runtime carrier,see instance + wfh-008-validate.py output,see the invariant rows,n/a,not-applicable,not-applicable,not-applicable,not-applicable,not-applicable,not-applicable,not-applicable,not-applicable,not-applicable,not-applicable,not-applicable,not-applicable
supporting.Delegation.fields.autonomy_tier,Delegation,exercised,not-applicable,"R01,R02,R03,R04,R05,R06,M01,M02,M06,T01,T02",supporting.Delegation.fields.autonomy_tier,"DL-COORD-STANDING,DL-RESEARCH-LEADER-STANDING,DL-RESEARCHER-STANDING,DL-CUR-STANDING,DL-GOALOWNER-STANDING,DL-RUN-1",1,set on 31/31 instances,wfh-008 alphabet R + M01 as parsed + T01/T02 (ledgered transitive),git themes.md and .claude/agents; no runtime carrier,see instance + wfh-008-validate.py output,specified-not-enforced,n/a,not-applicable,not-applicable,not-applicable,not-applicable,not-applicable,not-applicable,not-applicable,not-applicable,not-applicable,not-applicable,not-applicable,not-applicable
supporting.Delegation.fields.effect_grants,Delegation,exercised,not-applicable,"R01,R02,R03,R04,R05,R06,M01,M02,M06,T01,T02",supporting.Delegation.fields.effect_grants,"DL-COORD-STANDING,DL-RESEARCH-LEADER-STANDING,DL-RESEARCHER-STANDING,DL-CUR-STANDING,DL-GOALOWNER-STANDING,DL-RUN-1",1,set on 31/31 instances,wfh-008 alphabet R + M01 as parsed + T01/T02 (ledgered transitive),git themes.md and .claude/agents; no runtime carrier,see instance + wfh-008-validate.py output,specified-not-enforced,n/a,not-applicable,not-applicable,not-applicable,not-applicable,not-applicable,not-applicable,not-applicable,not-applicable,not-applicable,not-applicable,not-applicable,not-applicable
supporting.Delegation.fields.resource_ceiling,Delegation,exercised,not-applicable,"R01,R02,R03,R04,R05,R06,M01,M02,M06,T01,T02",supporting.Delegation.fields.resource_ceiling,"DL-COORD-STANDING,DL-RESEARCH-LEADER-STANDING,DL-RESEARCHER-STANDING,DL-CUR-STANDING,DL-GOALOWNER-STANDING,DL-RUN-1",1,set on 31/31 instances,wfh-008 alphabet R + M01 as parsed + T01/T02 (ledgered transitive),git themes.md and .claude/agents; no runtime carrier,see instance + wfh-008-validate.py output,specified-not-enforced,n/a,not-applicable,not-applicable,not-applicable,not-applicable,not-applicable,not-applicable,not-applicable,not-applicable,not-applicable,not-applicable,not-applicable,not-applicable
supporting.Delegation.fields.escalation_conditions,Delegation,exercised,not-applicable,"R01,R02,R03,R04,R05,R06,M01,M02,M06,T01,T02",supporting.Delegation.fields.escalation_conditions,"DL-COORD-STANDING,DL-RESEARCH-LEADER-STANDING,DL-RESEARCHER-STANDING,DL-CUR-STANDING,DL-GOALOWNER-STANDING,DL-RUN-1",1,set on 31/31 instances,wfh-008 alphabet R + M01 as parsed + T01/T02 (ledgered transitive),git themes.md and .claude/agents; no runtime carrier,see instance + wfh-008-validate.py output,specified-not-enforced,n/a,not-applicable,not-applicable,not-applicable,not-applicable,not-applicable,not-applicable,not-applicable,not-applicable,not-applicable,not-applicable,not-applicable,not-applicable
supporting.Delegation.fields.effective_at,Delegation,exercised,not-applicable,"R01,R02,R03,R04,R05,R06,M01,M02,M06,T01,T02",supporting.Delegation.fields.effective_at,"DL-COORD-STANDING,DL-RESEARCH-LEADER-STANDING,DL-RESEARCHER-STANDING,DL-CUR-STANDING,DL-GOALOWNER-STANDING,DL-RUN-1",1,set on 31/31 instances,wfh-008 alphabet R + M01 as parsed + T01/T02 (ledgered transitive),git themes.md and .claude/agents; no runtime carrier,see instance + wfh-008-validate.py output,specified-not-enforced,n/a,not-applicable,not-applicable,not-applicable,not-applicable,not-applicable,not-applicable,not-applicable,not-applicable,not-applicable,not-applicable,not-applicable,not-applicable
supporting.Delegation.fields.expires_at,Delegation,not-applicable,not-applicable,"R01,R02,R03,R04,R05,R06,M01,M02,M06,T01,T02",supporting.Delegation.fields.expires_at,none,not-applicable,optional field; the alphabet supplies no value,wfh-008 alphabet R + M01 as parsed + T01/T02 (ledgered transitive),git themes.md and .claude/agents; no runtime carrier,see instance + wfh-008-validate.py output,not-applicable,missing-history,not-applicable,not-applicable,not-applicable,not-applicable,not-applicable,not-applicable,not-applicable,not-applicable,not-applicable,not-applicable,not-applicable,not-applicable
supporting.Delegation.fields.definition_custodian_ref,Delegation,exercised,not-applicable,"R01,R02,R03,R04,R05,R06,M01,M02,M06,T01,T02",supporting.Delegation.fields.definition_custodian_ref,"DL-COORD-STANDING,DL-RESEARCH-LEADER-STANDING,DL-RESEARCHER-STANDING,DL-CUR-STANDING,DL-GOALOWNER-STANDING,DL-RUN-1",1,set on 31/31 instances,wfh-008 alphabet R + M01 as parsed + T01/T02 (ledgered transitive),git themes.md and .claude/agents; no runtime carrier,see instance + wfh-008-validate.py output,specified-not-enforced,n/a,not-applicable,not-applicable,not-applicable,not-applicable,not-applicable,not-applicable,not-applicable,not-applicable,not-applicable,not-applicable,not-applicable,not-applicable
supporting.Delegation.relations.grantor,Delegation,construct-pressure,PR-DELEGATION-SELF-GRANT,"R01,R02,R03,R04,R05,R06,M01,M02,M06,T01,T02",supporting.Delegation.relations.grantor,"DL-SCOPE,DL-RUN-1,DL-W1",1,set on 31/31. DL-SCOPE has grantor == grantee (AC-LEAD-1 self-assigned the scope-authoring Unit and then requested its own gate); V5 neither forbids nor detects this,wfh-008 alphabet R + M01 as parsed + T01/T02 (ledgered transitive),git themes.md and .claude/agents; no runtime carrier,see instance + wfh-008-validate.py output,specified-not-enforced,pressure,model-defect,DL-SCOPE has grantor AC-LEAD-1 and grantee AC-LEAD-1. V5 has no rule forbidding self-delegation and no check detects it; the scope-authoring Unit was self-assigned by the actor that then requested its own gate.,representable and undetected,not-applicable,not-applicable,not-applicable,not-applicable,not-applicable,yes,not-applicable,not-applicable,not-applicable
supporting.Delegation.relations.grantee,Delegation,exercised,not-applicable,"R01,R02,R03,R04,R05,R06,M01,M02,M06,T01,T02",supporting.Delegation.relations.grantee,"DL-COORD-STANDING,DL-RESEARCH-LEADER-STANDING,DL-RESEARCHER-STANDING,DL-CUR-STANDING,DL-GOALOWNER-STANDING,DL-RUN-1",1,"non-empty on 31/31; one-way, served by index",wfh-008 alphabet R + M01 as parsed + T01/T02 (ledgered transitive),git themes.md and .claude/agents; no runtime carrier,see instance + wfh-008-validate.py output,mechanically checkable and checked,n/a,not-applicable,not-applicable,not-applicable,not-applicable,not-applicable,not-applicable,not-applicable,not-applicable,not-applicable,not-applicable,not-applicable,not-applicable
supporting.Delegation.relations.scope,Delegation,exercised,not-applicable,"R01,R02,R03,R04,R05,R06,M01,M02,M06,T01,T02",supporting.Delegation.relations.scope,"DL-COORD-STANDING,DL-RESEARCH-LEADER-STANDING,DL-RESEARCHER-STANDING,DL-CUR-STANDING,DL-GOALOWNER-STANDING,DL-RUN-1",1,"non-empty on 31/31; one-way, served by index",wfh-008 alphabet R + M01 as parsed + T01/T02 (ledgered transitive),git themes.md and .claude/agents; no runtime carrier,see instance + wfh-008-validate.py output,mechanically checkable and checked,n/a,not-applicable,not-applicable,not-applicable,not-applicable,not-applicable,not-applicable,not-applicable,not-applicable,not-applicable,not-applicable,not-applicable,not-applicable
supporting.Delegation.relations.unit,Delegation,construct-pressure,PR-DELEGATION-UNIT-CARDINALITY,"R01,R02,R03,R04,R05,R06,M01,M02,M06,T01,T02",supporting.Delegation.relations.unit,"DL-RWK-P1-W1,DL-RWK-P1-W2,DL-RWK-P1-W4,DL-RWK-P2A2,DL-RWK-P2D2",1,cardinality 0..1 forced three historical multi-Unit rework directives to be split into six Delegations; the fact that they were one directive is not expressible,wfh-008 alphabet R + M01 as parsed + T01/T02 (ledgered transitive),git themes.md and .claude/agents; no runtime carrier,see instance + wfh-008-validate.py output,mechanically checkable and checked,pressure,model-defect,"Delegation.unit is cardinality 0..1. Three historical rework directives each covered several Units (pass 1: W1+W2+W4; pass 2a: W1+W2; pass 2d: W5+W7). Each had to be split into separate Delegations, so one organizational grant becomes N model objects and the fact that they were one directive is lost from the typed structure.","representable only by splitting; DL-RWK-P1 became DL-RWK-P1-W1/W2/W4, DL-RWK-P2A gained DL-RWK-P2A2, DL-RWK-P2D gained DL-RWK-P2D2",not-applicable,not-applicable,not-applicable,not-applicable,not-applicable,yes,not-applicable,not-applicable,not-applicable
supporting.Delegation.relations.derived_from,Delegation,exercised,not-applicable,"R01,R02,R03,R04,R05,R06,M01,M02,M06,T01,T02",supporting.Delegation.relations.derived_from,"DL-RUN-1,DL-RUN-2,DL-SCOPE,DL-W1,DL-W2,DL-W3",1,"non-empty on 26/31; one-way, served by index",wfh-008 alphabet R + M01 as parsed + T01/T02 (ledgered transitive),git themes.md and .claude/agents; no runtime carrier,see instance + wfh-008-validate.py output,mechanically checkable and checked,n/a,not-applicable,not-applicable,not-applicable,not-applicable,not-applicable,not-applicable,not-applicable,not-applicable,not-applicable,not-applicable,not-applicable,not-applicable
supporting.Delegation.relations.governs,Delegation,exercised,not-applicable,"R01,R02,R03,R04,R05,R06,M01,M02,M06,T01,T02",supporting.Delegation.relations.governs,"DL-RUN-1,DL-RUN-2,DL-SCOPE,DL-W1,DL-W2,DL-W3",1,"non-empty on 26/31; declared inverse, closed mechanically",wfh-008 alphabet R + M01 as parsed + T01/T02 (ledgered transitive),git themes.md and .claude/agents; no runtime carrier,see instance + wfh-008-validate.py output,mechanically checkable and checked,n/a,not-applicable,not-applicable,not-applicable,not-applicable,not-applicable,not-applicable,not-applicable,not-applicable,not-applicable,not-applicable,not-applicable,not-applicable
supporting.Delegation.relations.enforced_by,Delegation,construct-pressure,PR-ENFORCED-AUTHORITY-ABSENT,"R01,R02,R03,R04,R05,R06,M01,M02,M06,T01,T02",supporting.Delegation.relations.enforced_by,none,not-applicable,EMPTY ON EVERY INSTANCE - the case demonstrates no enforced authority,wfh-008 alphabet R + M01 as parsed + T01/T02 (ledgered transitive),git themes.md and .claude/agents; no runtime carrier,see instance + wfh-008-validate.py output,specified-not-enforced,pressure,enforcement-gap,"I12's second clause says only an EffectBoundary disposition demonstrates enforced authority. The checker reports Delegation.enforced_by empty on 31 of 31 Delegations. The single refusal receipt in the case (EV-018/EV-019, five refused context_cycle calls) is a PAYLOAD-SHAPE refusal - the run's own disclosure confirms agent_id was present on all five - so it demonstrates schema enforcement, not authority. The garage's strongest custody claim, the single-writer curator rule, has no enforcement point: any actor may call context_store, and the server checks only that an identity string is present, not who sent it.","REPRESENTABLE AND EMPTY: the case demonstrates ZERO enforced authority. This is a correct and important negative, not a model failure.",not-proposed,making the curator rule enforced needs a credential boundary that does not exist and cannot be costed from the fixed alphabet; proposing it would be the build recommendation this scope forbids,not-applicable,not-applicable,not-applicable,yes,not-applicable,not-applicable,not-applicable
supporting.Delegation.open[0],Delegation,construct-pressure,not-applicable,"R01,R02,R03,R04,R05,R06,M01,M02,M06,T01,T02",supporting.Delegation.open[0],none,not-applicable,attenuation comparison,wfh-008 alphabet R + M01 as parsed + T01/T02 (ledgered transitive),git themes.md and .claude/agents; no runtime carrier,see instance + wfh-008-validate.py output,not-applicable,still-open,not-applicable,not-applicable,not-applicable,not-applicable,not-applicable,not-applicable,not-applicable,not-applicable,not-applicable,not-applicable,not-applicable,not-applicable
supporting.Delegation.open[1],Delegation,construct-pressure,not-applicable,"R01,R02,R03,R04,R05,R06,M01,M02,M06,T01,T02",supporting.Delegation.open[1],none,not-applicable,revocation propagation,wfh-008 alphabet R + M01 as parsed + T01/T02 (ledgered transitive),git themes.md and .claude/agents; no runtime carrier,see instance + wfh-008-validate.py output,not-applicable,still-open,not-applicable,not-applicable,not-applicable,not-applicable,not-applicable,not-applicable,not-applicable,not-applicable,not-applicable,not-applicable,not-applicable,not-applicable
supporting.Delegation.open[2],Delegation,construct-pressure,not-applicable,"R01,R02,R03,R04,R05,R06,M01,M02,M06,T01,T02",supporting.Delegation.open[2],none,not-applicable,sub-delegation depth,wfh-008 alphabet R + M01 as parsed + T01/T02 (ledgered transitive),git themes.md and .claude/agents; no runtime carrier,see instance + wfh-008-validate.py output,not-applicable,still-open,not-applicable,not-applicable,not-applicable,not-applicable,not-applicable,not-applicable,not-applicable,not-applicable,not-applicable,not-applicable,not-applicable,not-applicable
supporting.Gate.versioned,Gate,exercised,not-applicable,"R01,R02,R03,R04,R05,R06,M01,M02,M06,T01,T02",supporting.Gate.versioned,"GT-SCOPE,GT-COVERAGE,GT-SYNTHESIS",1,versioned=True; the checker enforces presence/absence of a version on every instance,wfh-008 alphabet R + M01 as parsed + T01/T02 (ledgered transitive),git .claude/workflow - prose,see instance + wfh-008-validate.py output,mechanically checkable and checked,n/a,not-applicable,not-applicable,not-applicable,not-applicable,not-applicable,not-applicable,not-applicable,not-applicable,not-applicable,not-applicable,not-applicable,not-applicable
supporting.Gate.identity,Gate,exercised,not-applicable,"R01,R02,R03,R04,R05,R06,M01,M02,M06,T01,T02",supporting.Gate.identity,"GT-SCOPE,GT-COVERAGE,GT-SYNTHESIS",1,identity=gate_id; opaque ids in the instance,wfh-008 alphabet R + M01 as parsed + T01/T02 (ledgered transitive),git .claude/workflow - prose,see instance + wfh-008-validate.py output,specified-not-enforced,n/a,not-applicable,not-applicable,not-applicable,not-applicable,not-applicable,not-applicable,not-applicable,not-applicable,not-applicable,not-applicable,not-applicable,not-applicable
supporting.Gate.form,Gate,exercised,not-applicable,"R01,R02,R03,R04,R05,R06,M01,M02,M06,T01,T02",supporting.Gate.form,"GT-SCOPE,GT-COVERAGE,GT-SYNTHESIS",1,form=entity,wfh-008 alphabet R + M01 as parsed + T01/T02 (ledgered transitive),git .claude/workflow - prose,see instance + wfh-008-validate.py output,not-applicable,S3: form is undocumented in notation,not-applicable,not-applicable,not-applicable,not-applicable,not-applicable,not-applicable,not-applicable,not-applicable,not-applicable,not-applicable,not-applicable,not-applicable
supporting.Gate.status,Gate,exercised,not-applicable,"R01,R02,R03,R04,R05,R06,M01,M02,M06,T01,T02",supporting.Gate.status,none,not-applicable,"model status=OPEN; consumed as test input, not as permission to fill holes",wfh-008 alphabet R + M01 as parsed + T01/T02 (ledgered transitive),git .claude/workflow - prose,see instance + wfh-008-validate.py output,not-applicable,n/a,not-applicable,not-applicable,not-applicable,not-applicable,not-applicable,not-applicable,not-applicable,not-applicable,not-applicable,not-applicable,not-applicable,not-applicable
supporting.Gate.owner,Gate,exercised,not-applicable,"R01,R02,R03,R04,R05,R06,M01,M02,M06,T01,T02",supporting.Gate.owner,none,not-applicable,owner=Workflow,wfh-008 alphabet R + M01 as parsed + T01/T02 (ledgered transitive),git .claude/workflow - prose,see instance + wfh-008-validate.py output,specified-not-enforced,S3: owner is undocumented in notation,not-applicable,not-applicable,not-applicable,not-applicable,not-applicable,not-applicable,not-applicable,not-applicable,not-applicable,not-applicable,not-applicable,not-applicable
supporting.Gate.invariants,Gate,exercised,not-applicable,"R01,R02,R03,R04,R05,R06,M01,M02,M06,T01,T02",supporting.Gate.invariants,none,not-applicable,"cites ['I6', 'I7', 'I8', 'I9', 'I18']",wfh-008 alphabet R + M01 as parsed + T01/T02 (ledgered transitive),git .claude/workflow - prose,see instance + wfh-008-validate.py output,see the invariant rows,n/a,not-applicable,not-applicable,not-applicable,not-applicable,not-applicable,not-applicable,not-applicable,not-applicable,not-applicable,not-applicable,not-applicable,not-applicable
supporting.Gate.fields.subject_rule,Gate,exercised,not-applicable,"R01,R02,R03,R04,R05,R06,M01,M02,M06,T01,T02",supporting.Gate.fields.subject_rule,"GT-SCOPE,GT-COVERAGE,GT-SYNTHESIS,GT-FIREWALL",1,set on 4/4 instances,wfh-008 alphabet R + M01 as parsed + T01/T02 (ledgered transitive),git .claude/workflow - prose,see instance + wfh-008-validate.py output,specified-not-enforced,n/a,not-applicable,not-applicable,not-applicable,not-applicable,not-applicable,not-applicable,not-applicable,not-applicable,not-applicable,not-applicable,not-applicable,not-applicable
supporting.Gate.fields.baseline_rule,Gate,exercised,not-applicable,"R01,R02,R03,R04,R05,R06,M01,M02,M06,T01,T02",supporting.Gate.fields.baseline_rule,"GT-SCOPE,GT-COVERAGE,GT-SYNTHESIS,GT-FIREWALL",1,set on 4/4 instances,wfh-008 alphabet R + M01 as parsed + T01/T02 (ledgered transitive),git .claude/workflow - prose,see instance + wfh-008-validate.py output,specified-not-enforced,n/a,not-applicable,not-applicable,not-applicable,not-applicable,not-applicable,not-applicable,not-applicable,not-applicable,not-applicable,not-applicable,not-applicable,not-applicable
supporting.Gate.fields.eligible_evidence,Gate,exercised,not-applicable,"R01,R02,R03,R04,R05,R06,M01,M02,M06,T01,T02",supporting.Gate.fields.eligible_evidence,"GT-SCOPE,GT-COVERAGE,GT-SYNTHESIS,GT-FIREWALL",1,set on 4/4 instances,wfh-008 alphabet R + M01 as parsed + T01/T02 (ledgered transitive),git .claude/workflow - prose,see instance + wfh-008-validate.py output,specified-not-enforced,n/a,not-applicable,not-applicable,not-applicable,not-applicable,not-applicable,not-applicable,not-applicable,not-applicable,not-applicable,not-applicable,not-applicable,not-applicable
supporting.Gate.fields.missingness_policy,Gate,exercised,not-applicable,"R01,R02,R03,R04,R05,R06,M01,M02,M06,T01,T02",supporting.Gate.fields.missingness_policy,"GT-SCOPE,GT-COVERAGE,GT-SYNTHESIS,GT-FIREWALL",1,set on 4/4 instances,wfh-008 alphabet R + M01 as parsed + T01/T02 (ledgered transitive),git .claude/workflow - prose,see instance + wfh-008-validate.py output,specified-not-enforced,n/a,not-applicable,not-applicable,not-applicable,not-applicable,not-applicable,not-applicable,not-applicable,not-applicable,not-applicable,not-applicable,not-applicable,not-applicable
supporting.Gate.fields.independence_predicate,Gate,exercised,not-applicable,"R01,R02,R03,R04,R05,R06,M01,M02,M06,T01,T02",supporting.Gate.fields.independence_predicate,"GT-SCOPE,GT-COVERAGE,GT-SYNTHESIS,GT-FIREWALL",1,set on 4/4 instances,wfh-008 alphabet R + M01 as parsed + T01/T02 (ledgered transitive),git .claude/workflow - prose,see instance + wfh-008-validate.py output,specified-not-enforced,n/a,not-applicable,not-applicable,not-applicable,not-applicable,not-applicable,not-applicable,not-applicable,not-applicable,not-applicable,not-applicable,not-applicable,not-applicable
supporting.Gate.fields.procedure,Gate,blocked-by-OPEN,PR-GATE-PROCEDURE,"R01,R02,R03,R04,R05,R06,M01,M02,M06,T01,T02",supporting.Gate.fields.procedure,GT-COVERAGE,1,judgment on all four Gates; GT-COVERAGE is APPROXIMATED because it was both deterministic and judgment and the enum admits no mixed value,wfh-008 alphabet R + M01 as parsed + T01/T02 (ledgered transitive),git .claude/workflow - prose,see instance + wfh-008-validate.py output,specified-not-enforced,blocked by Gate.open[deterministic versus judgment procedures],model-defect,"Gate.procedure is enum[deterministic,judgment]. GT-COVERAGE ran deterministic enumerations (git ls-files, sorted-set diffs, a 42/42 lock bijection) AND independent semantic judgment, and the final PASS turned on the judgment half - the auditor's own third sweep. Neither enum value is true. Encoded as `judgment` and marked _approx. open.deterministic-versus-judgment on Gate names the same hole.",strained-representable with an approximated value,not-applicable,not-applicable,not-applicable,not-applicable,not-applicable,yes,not-applicable,not-applicable,not-applicable
supporting.Gate.fields.bar,Gate,exercised,not-applicable,"R01,R02,R03,R04,R05,R06,M01,M02,M06,T01,T02",supporting.Gate.fields.bar,"GT-SCOPE,GT-COVERAGE,GT-SYNTHESIS,GT-FIREWALL",1,set on 4/4 instances,wfh-008 alphabet R + M01 as parsed + T01/T02 (ledgered transitive),git .claude/workflow - prose,see instance + wfh-008-validate.py output,specified-not-enforced,n/a,not-applicable,not-applicable,not-applicable,not-applicable,not-applicable,not-applicable,not-applicable,not-applicable,not-applicable,not-applicable,not-applicable,not-applicable
supporting.Gate.fields.allowed_outcomes,Gate,exercised,not-applicable,"R01,R02,R03,R04,R05,R06,M01,M02,M06,T01,T02",supporting.Gate.fields.allowed_outcomes,"GT-SCOPE,GT-COVERAGE,GT-SYNTHESIS,GT-FIREWALL",1,set on 4/4 instances,wfh-008 alphabet R + M01 as parsed + T01/T02 (ledgered transitive),git .claude/workflow - prose,see instance + wfh-008-validate.py output,specified-not-enforced,n/a,not-applicable,not-applicable,not-applicable,not-applicable,not-applicable,not-applicable,not-applicable,not-applicable,not-applicable,not-applicable,not-applicable,not-applicable
supporting.Gate.fields.outcome_consequences,Gate,exercised,not-applicable,"R01,R02,R03,R04,R05,R06,M01,M02,M06,T01,T02",supporting.Gate.fields.outcome_consequences,"GT-SCOPE,GT-COVERAGE,GT-SYNTHESIS,GT-FIREWALL",1,set on 4/4 instances,wfh-008 alphabet R + M01 as parsed + T01/T02 (ledgered transitive),git .claude/workflow - prose,see instance + wfh-008-validate.py output,specified-not-enforced,n/a,not-applicable,not-applicable,not-applicable,not-applicable,not-applicable,not-applicable,not-applicable,not-applicable,not-applicable,not-applicable,not-applicable,not-applicable
supporting.Gate.fields.required_record_category,Gate,exercised,not-applicable,"R01,R02,R03,R04,R05,R06,M01,M02,M06,T01,T02",supporting.Gate.fields.required_record_category,"GT-SCOPE,GT-COVERAGE,GT-SYNTHESIS,GT-FIREWALL",1,set on 4/4 instances,wfh-008 alphabet R + M01 as parsed + T01/T02 (ledgered transitive),git .claude/workflow - prose,see instance + wfh-008-validate.py output,specified-not-enforced,n/a,not-applicable,not-applicable,not-applicable,not-applicable,not-applicable,not-applicable,not-applicable,not-applicable,not-applicable,not-applicable,not-applicable,not-applicable
supporting.Gate.fields.definition_custodian_ref,Gate,exercised,not-applicable,"R01,R02,R03,R04,R05,R06,M01,M02,M06,T01,T02",supporting.Gate.fields.definition_custodian_ref,"GT-SCOPE,GT-COVERAGE,GT-SYNTHESIS,GT-FIREWALL",1,set on 4/4 instances,wfh-008 alphabet R + M01 as parsed + T01/T02 (ledgered transitive),git .claude/workflow - prose,see instance + wfh-008-validate.py output,specified-not-enforced,n/a,not-applicable,not-applicable,not-applicable,not-applicable,not-applicable,not-applicable,not-applicable,not-applicable,not-applicable,not-applicable,not-applicable,not-applicable
supporting.Gate.relations.requires_assessor,Gate,construct-pressure,PR-ROLE-UNDEFINED-ASSESSOR,"R01,R02,R03,R04,R05,R06,M01,M02,M06,T01,T02",supporting.Gate.relations.requires_assessor,GT-COVERAGE,1,"set on 4/4 Gates, but GT-COVERAGE points at RO-COVERAGE-AUDITOR, a Role the project never defined - a duty handed to a factory-researcher, while the protocol reserves factory-validator for validated runs",wfh-008 alphabet R + M01 as parsed + T01/T02 (ledgered transitive),git .claude/workflow - prose,see instance + wfh-008-validate.py output,specified-not-enforced,pressure,historical-evidence-gap; project-evolution-candidate,"Gate.requires_assessor is cardinality 1 to a Role. GT-COVERAGE's assessor is RO-COVERAGE-AUDITOR, which has NO definition file under .claude/agents/ - it is a duty handed to a factory-researcher. The protocol's factory-validator is reserved for validated runs, so a directional run has no defined gate-assessor Role.",representable only by authoring a Role the project never defined,"declare the coverage-auditor duty explicitly, either as its own role contract or as a named independence clause on factory-validator covering directional runs","wfh-010's equivalent gate was ruled by a factory-validator and wfh-008's by a factory-researcher; the same blocking gate was assessed by two different role identities in consecutive runs, which is a real inconsistency independent of any model",preserves; the independence constraints are already written in the audit headers and would simply move into the contract,one new or amended agent definition plus one protocol line,.claude/agents/factory/factory-validator.md; .claude/workflow/research-scope.md,yes,yes,Gate.requires_assessor then resolves to a defined Role rather than an inferred one,not-applicable
supporting.Gate.relations.bound_by,Gate,exercised,not-applicable,"R01,R02,R03,R04,R05,R06,M01,M02,M06,T01,T02",supporting.Gate.relations.bound_by,"GT-SCOPE,GT-COVERAGE,GT-SYNTHESIS,GT-FIREWALL",1,"non-empty on 4/4; declared inverse, closed mechanically",wfh-008 alphabet R + M01 as parsed + T01/T02 (ledgered transitive),git .claude/workflow - prose,see instance + wfh-008-validate.py output,mechanically checkable and checked,n/a,not-applicable,not-applicable,not-applicable,not-applicable,not-applicable,not-applicable,not-applicable,not-applicable,not-applicable,not-applicable,not-applicable,not-applicable
supporting.Gate.relations.evaluates,Gate,exercised,not-applicable,"R01,R02,R03,R04,R05,R06,M01,M02,M06,T01,T02",supporting.Gate.relations.evaluates,"GT-SCOPE,GT-COVERAGE,GT-SYNTHESIS",1,"non-empty on 3/4; declared inverse, closed mechanically",wfh-008 alphabet R + M01 as parsed + T01/T02 (ledgered transitive),git .claude/workflow - prose,see instance + wfh-008-validate.py output,mechanically checkable and checked,n/a,not-applicable,not-applicable,not-applicable,not-applicable,not-applicable,not-applicable,not-applicable,not-applicable,not-applicable,not-applicable,not-applicable,not-applicable
supporting.Gate.extension_owner.procedure,Gate,exercised,PR-I19-BINDING-ALTITUDE,"R01,R02,R03,R04,R05,R06,M01,M02,M06,T01,T02",supporting.Gate.extension_owner.procedure,registry_extensions,1,owner=workflow; exercised by the program-owned registry extensions in this instance,wfh-008 alphabet R + M01 as parsed + T01/T02 (ledgered transitive),git .claude/workflow - prose,see instance + wfh-008-validate.py output,specified-not-enforced,S6: I19 binds from Workflow only,model-defect,"I19 (program extensions may not weaken common invariants) is cited by Workflow ALONE, yet this instance registers program-owned extensions on unit_kind, record_category, effect_class and event_type - owned by Workflow, Scope, Scope and the registry respectively. Three of the four owners are not Workflow, so nothing binds I19 to them. Review finding S6 raised exactly this and it is unresolved in the pinned file.","representable; the extensions conform, and no per-construct binding required them to",not-applicable,not-applicable,not-applicable,not-applicable,not-applicable,yes,not-applicable,not-applicable,not-applicable
supporting.Gate.extension_owner.bar,Gate,exercised,PR-I19-BINDING-ALTITUDE,"R01,R02,R03,R04,R05,R06,M01,M02,M06,T01,T02",supporting.Gate.extension_owner.bar,registry_extensions,1,owner=workflow; exercised by the program-owned registry extensions in this instance,wfh-008 alphabet R + M01 as parsed + T01/T02 (ledgered transitive),git .claude/workflow - prose,see instance + wfh-008-validate.py output,specified-not-enforced,S6: I19 binds from Workflow only,model-defect,"I19 (program extensions may not weaken common invariants) is cited by Workflow ALONE, yet this instance registers program-owned extensions on unit_kind, record_category, effect_class and event_type - owned by Workflow, Scope, Scope and the registry respectively. Three of the four owners are not Workflow, so nothing binds I19 to them. Review finding S6 raised exactly this and it is unresolved in the pinned file.","representable; the extensions conform, and no per-construct binding required them to",not-applicable,not-applicable,not-applicable,not-applicable,not-applicable,yes,not-applicable,not-applicable,not-applicable
supporting.Gate.extension_owner.outcomes,Gate,exercised,PR-I19-BINDING-ALTITUDE,"R01,R02,R03,R04,R05,R06,M01,M02,M06,T01,T02",supporting.Gate.extension_owner.outcomes,registry_extensions,1,owner=workflow; exercised by the program-owned registry extensions in this instance,wfh-008 alphabet R + M01 as parsed + T01/T02 (ledgered transitive),git .claude/workflow - prose,see instance + wfh-008-validate.py output,specified-not-enforced,S6: I19 binds from Workflow only,model-defect,"I19 (program extensions may not weaken common invariants) is cited by Workflow ALONE, yet this instance registers program-owned extensions on unit_kind, record_category, effect_class and event_type - owned by Workflow, Scope, Scope and the registry respectively. Three of the four owners are not Workflow, so nothing binds I19 to them. Review finding S6 raised exactly this and it is unresolved in the pinned file.","representable; the extensions conform, and no per-construct binding required them to",not-applicable,not-applicable,not-applicable,not-applicable,not-applicable,yes,not-applicable,not-applicable,not-applicable
supporting.Gate.extension_owner.consequences,Gate,exercised,PR-I19-BINDING-ALTITUDE,"R01,R02,R03,R04,R05,R06,M01,M02,M06,T01,T02",supporting.Gate.extension_owner.consequences,registry_extensions,1,owner=workflow; exercised by the program-owned registry extensions in this instance,wfh-008 alphabet R + M01 as parsed + T01/T02 (ledgered transitive),git .claude/workflow - prose,see instance + wfh-008-validate.py output,specified-not-enforced,S6: I19 binds from Workflow only,model-defect,"I19 (program extensions may not weaken common invariants) is cited by Workflow ALONE, yet this instance registers program-owned extensions on unit_kind, record_category, effect_class and event_type - owned by Workflow, Scope, Scope and the registry respectively. Three of the four owners are not Workflow, so nothing binds I19 to them. Review finding S6 raised exactly this and it is unresolved in the pinned file.","representable; the extensions conform, and no per-construct binding required them to",not-applicable,not-applicable,not-applicable,not-applicable,not-applicable,yes,not-applicable,not-applicable,not-applicable
supporting.Gate.open[0],Gate,construct-pressure,not-applicable,"R01,R02,R03,R04,R05,R06,M01,M02,M06,T01,T02",supporting.Gate.open[0],none,not-applicable,deterministic versus judgment procedures,wfh-008 alphabet R + M01 as parsed + T01/T02 (ledgered transitive),git .claude/workflow - prose,see instance + wfh-008-validate.py output,not-applicable,still-open,not-applicable,not-applicable,not-applicable,not-applicable,not-applicable,not-applicable,not-applicable,not-applicable,not-applicable,not-applicable,not-applicable,not-applicable
supporting.Gate.open[1],Gate,construct-pressure,not-applicable,"R01,R02,R03,R04,R05,R06,M01,M02,M06,T01,T02",supporting.Gate.open[1],none,not-applicable,portability,wfh-008 alphabet R + M01 as parsed + T01/T02 (ledgered transitive),git .claude/workflow - prose,see instance + wfh-008-validate.py output,not-applicable,still-open,not-applicable,not-applicable,not-applicable,not-applicable,not-applicable,not-applicable,not-applicable,not-applicable,not-applicable,not-applicable,not-applicable,not-applicable
supporting.Gate.open[2],Gate,construct-pressure,not-applicable,"R01,R02,R03,R04,R05,R06,M01,M02,M06,T01,T02",supporting.Gate.open[2],none,not-applicable,external enforcement,wfh-008 alphabet R + M01 as parsed + T01/T02 (ledgered transitive),git .claude/workflow - prose,see instance + wfh-008-validate.py output,not-applicable,still-open,not-applicable,not-applicable,not-applicable,not-applicable,not-applicable,not-applicable,not-applicable,not-applicable,not-applicable,not-applicable,not-applicable,not-applicable
supporting.EffectBoundary.versioned,EffectBoundary,exercised,not-applicable,"R01,R02,R03,R04,R05,R06,M01,M02,M06,T01,T02",supporting.EffectBoundary.versioned,EB-UNIMATRIX,1,versioned=False; the checker enforces presence/absence of a version on every instance,wfh-008 alphabet R + M01 as parsed + T01/T02 (ledgered transitive),MCP server outside the agent process,see instance + wfh-008-validate.py output,mechanically checkable and checked,n/a,not-applicable,not-applicable,not-applicable,not-applicable,not-applicable,not-applicable,not-applicable,not-applicable,not-applicable,not-applicable,not-applicable,not-applicable
supporting.EffectBoundary.identity,EffectBoundary,exercised,not-applicable,"R01,R02,R03,R04,R05,R06,M01,M02,M06,T01,T02",supporting.EffectBoundary.identity,EB-UNIMATRIX,1,identity=effect_boundary_id; opaque ids in the instance,wfh-008 alphabet R + M01 as parsed + T01/T02 (ledgered transitive),MCP server outside the agent process,see instance + wfh-008-validate.py output,specified-not-enforced,n/a,not-applicable,not-applicable,not-applicable,not-applicable,not-applicable,not-applicable,not-applicable,not-applicable,not-applicable,not-applicable,not-applicable,not-applicable
supporting.EffectBoundary.form,EffectBoundary,exercised,not-applicable,"R01,R02,R03,R04,R05,R06,M01,M02,M06,T01,T02",supporting.EffectBoundary.form,EB-UNIMATRIX,1,form=entity,wfh-008 alphabet R + M01 as parsed + T01/T02 (ledgered transitive),MCP server outside the agent process,see instance + wfh-008-validate.py output,not-applicable,S3: form is undocumented in notation,not-applicable,not-applicable,not-applicable,not-applicable,not-applicable,not-applicable,not-applicable,not-applicable,not-applicable,not-applicable,not-applicable,not-applicable
supporting.EffectBoundary.status,EffectBoundary,exercised,not-applicable,"R01,R02,R03,R04,R05,R06,M01,M02,M06,T01,T02",supporting.EffectBoundary.status,none,not-applicable,"model status=OPEN; consumed as test input, not as permission to fill holes",wfh-008 alphabet R + M01 as parsed + T01/T02 (ledgered transitive),MCP server outside the agent process,see instance + wfh-008-validate.py output,not-applicable,n/a,not-applicable,not-applicable,not-applicable,not-applicable,not-applicable,not-applicable,not-applicable,not-applicable,not-applicable,not-applicable,not-applicable,not-applicable
supporting.EffectBoundary.owner,EffectBoundary,exercised,not-applicable,"R01,R02,R03,R04,R05,R06,M01,M02,M06,T01,T02",supporting.EffectBoundary.owner,none,not-applicable,owner=Collective,wfh-008 alphabet R + M01 as parsed + T01/T02 (ledgered transitive),MCP server outside the agent process,see instance + wfh-008-validate.py output,specified-not-enforced,S3: owner is undocumented in notation,not-applicable,not-applicable,not-applicable,not-applicable,not-applicable,not-applicable,not-applicable,not-applicable,not-applicable,not-applicable,not-applicable,not-applicable
supporting.EffectBoundary.invariants,EffectBoundary,exercised,not-applicable,"R01,R02,R03,R04,R05,R06,M01,M02,M06,T01,T02",supporting.EffectBoundary.invariants,none,not-applicable,cites ['I12'],wfh-008 alphabet R + M01 as parsed + T01/T02 (ledgered transitive),MCP server outside the agent process,see instance + wfh-008-validate.py output,see the invariant rows,n/a,not-applicable,not-applicable,not-applicable,not-applicable,not-applicable,not-applicable,not-applicable,not-applicable,not-applicable,not-applicable,not-applicable,not-applicable
supporting.EffectBoundary.fields.name,EffectBoundary,exercised,not-applicable,"R01,R02,R03,R04,R05,R06,M01,M02,M06,T01,T02",supporting.EffectBoundary.fields.name,EB-UNIMATRIX,1,set on 1/1 instances,wfh-008 alphabet R + M01 as parsed + T01/T02 (ledgered transitive),MCP server outside the agent process,see instance + wfh-008-validate.py output,specified-not-enforced,n/a,not-applicable,not-applicable,not-applicable,not-applicable,not-applicable,not-applicable,not-applicable,not-applicable,not-applicable,not-applicable,not-applicable,not-applicable
supporting.EffectBoundary.fields.effect_classes,EffectBoundary,exercised,not-applicable,"R01,R02,R03,R04,R05,R06,M01,M02,M06,T01,T02",supporting.EffectBoundary.fields.effect_classes,EB-UNIMATRIX,1,set on 1/1 instances,wfh-008 alphabet R + M01 as parsed + T01/T02 (ledgered transitive),MCP server outside the agent process,see instance + wfh-008-validate.py output,specified-not-enforced,n/a,not-applicable,not-applicable,not-applicable,not-applicable,not-applicable,not-applicable,not-applicable,not-applicable,not-applicable,not-applicable,not-applicable,not-applicable
supporting.EffectBoundary.fields.custody,EffectBoundary,exercised,not-applicable,"R01,R02,R03,R04,R05,R06,M01,M02,M06,T01,T02",supporting.EffectBoundary.fields.custody,EB-UNIMATRIX,1,set on 1/1 instances,wfh-008 alphabet R + M01 as parsed + T01/T02 (ledgered transitive),MCP server outside the agent process,see instance + wfh-008-validate.py output,specified-not-enforced,n/a,not-applicable,not-applicable,not-applicable,not-applicable,not-applicable,not-applicable,not-applicable,not-applicable,not-applicable,not-applicable,not-applicable,not-applicable
supporting.EffectBoundary.fields.can_refuse,EffectBoundary,construct-pressure,PR-BOUNDARY-CAN-REFUSE,"R01,R02,R03,R04,R05,R06,M01,M02,M06,T01,T02",supporting.EffectBoundary.fields.can_refuse,EB-UNIMATRIX,1,"true on EB-UNIMATRIX with a real receipt (five refused context_cycle calls). Git and the forge are NOT instantiated as boundaries at all, because the required bool has no unknown value and neither true nor false is evidenced for them",wfh-008 alphabet R + M01 as parsed + T01/T02 (ledgered transitive),MCP server outside the agent process,see instance + wfh-008-validate.py output,specified-not-enforced,pressure,model-defect; historical-evidence-gap,"EffectBoundary.can_refuse is a required bool, defined as 'a boundary that cannot refuse enforces nothing'. There is no unknown value, while the sibling effect_disposition vocabulary does carry `unknown`. Git and the forge performed effects throughout wfh-008 and never refused one, so neither true nor false is evidenced. The instance therefore declines to instantiate them as EffectBoundaries at all rather than assert an unevidenced bool.",NOT REPRESENTABLE without asserting an unevidenced value; two candidate boundaries are omitted and EV-005 carries a target_boundary_ref that names no instance,not-applicable,not-applicable,not-applicable,not-applicable,not-applicable,yes,not-applicable,not-applicable,not-applicable
supporting.EffectBoundary.relations.enforces,EffectBoundary,construct-pressure,PR-ENFORCED-AUTHORITY-ABSENT,"R01,R02,R03,R04,R05,R06,M01,M02,M06,T01,T02",supporting.EffectBoundary.relations.enforces,none,not-applicable,EMPTY ON EVERY INSTANCE - the case demonstrates no enforced authority,wfh-008 alphabet R + M01 as parsed + T01/T02 (ledgered transitive),MCP server outside the agent process,see instance + wfh-008-validate.py output,specified-not-enforced,pressure,enforcement-gap,"I12's second clause says only an EffectBoundary disposition demonstrates enforced authority. The checker reports Delegation.enforced_by empty on 31 of 31 Delegations. The single refusal receipt in the case (EV-018/EV-019, five refused context_cycle calls) is a PAYLOAD-SHAPE refusal - the run's own disclosure confirms agent_id was present on all five - so it demonstrates schema enforcement, not authority. The garage's strongest custody claim, the single-writer curator rule, has no enforcement point: any actor may call context_store, and the server checks only that an identity string is present, not who sent it.","REPRESENTABLE AND EMPTY: the case demonstrates ZERO enforced authority. This is a correct and important negative, not a model failure.",not-proposed,making the curator rule enforced needs a credential boundary that does not exist and cannot be costed from the fixed alphabet; proposing it would be the build recommendation this scope forbids,not-applicable,not-applicable,not-applicable,yes,not-applicable,not-applicable,not-applicable
supporting.EffectBoundary.open[0],EffectBoundary,construct-pressure,not-applicable,"R01,R02,R03,R04,R05,R06,M01,M02,M06,T01,T02",supporting.EffectBoundary.open[0],none,not-applicable,refusal evidence,wfh-008 alphabet R + M01 as parsed + T01/T02 (ledgered transitive),MCP server outside the agent process,see instance + wfh-008-validate.py output,not-applicable,still-open,not-applicable,not-applicable,not-applicable,not-applicable,not-applicable,not-applicable,not-applicable,not-applicable,not-applicable,not-applicable,not-applicable,not-applicable
supporting.EffectBoundary.open[1],EffectBoundary,construct-pressure,not-applicable,"R01,R02,R03,R04,R05,R06,M01,M02,M06,T01,T02",supporting.EffectBoundary.open[1],none,not-applicable,attestation,wfh-008 alphabet R + M01 as parsed + T01/T02 (ledgered transitive),MCP server outside the agent process,see instance + wfh-008-validate.py output,not-applicable,still-open,not-applicable,not-applicable,not-applicable,not-applicable,not-applicable,not-applicable,not-applicable,not-applicable,not-applicable,not-applicable,not-applicable,not-applicable
supporting.EffectBoundary.open[2],EffectBoundary,construct-pressure,not-applicable,"R01,R02,R03,R04,R05,R06,M01,M02,M06,T01,T02",supporting.EffectBoundary.open[2],none,not-applicable,common effect taxonomy,wfh-008 alphabet R + M01 as parsed + T01/T02 (ledgered transitive),MCP server outside the agent process,see instance + wfh-008-validate.py output,not-applicable,still-open,not-applicable,not-applicable,not-applicable,not-applicable,not-applicable,not-applicable,not-applicable,not-applicable,not-applicable,not-applicable,not-applicable,not-applicable
supporting.Attempt.versioned,Attempt,exercised,not-applicable,"R01,R02,R03,R04,R05,R06,M01,M02,M06,T01,T02",supporting.Attempt.versioned,"AT-SCOPE-1,AT-SCOPE-2,AT-RUN-1",1,versioned=False; the checker enforces presence/absence of a version on every instance,wfh-008 alphabet R + M01 as parsed + T01/T02 (ledgered transitive),reconstructed from git and forge; no runtime record,see instance + wfh-008-validate.py output,mechanically checkable and checked,n/a,not-applicable,not-applicable,not-applicable,not-applicable,not-applicable,not-applicable,not-applicable,not-applicable,not-applicable,not-applicable,not-applicable,not-applicable
supporting.Attempt.identity,Attempt,exercised,not-applicable,"R01,R02,R03,R04,R05,R06,M01,M02,M06,T01,T02",supporting.Attempt.identity,"AT-SCOPE-1,AT-SCOPE-2,AT-RUN-1",1,identity=attempt_id; opaque ids in the instance,wfh-008 alphabet R + M01 as parsed + T01/T02 (ledgered transitive),reconstructed from git and forge; no runtime record,see instance + wfh-008-validate.py output,specified-not-enforced,n/a,not-applicable,not-applicable,not-applicable,not-applicable,not-applicable,not-applicable,not-applicable,not-applicable,not-applicable,not-applicable,not-applicable,not-applicable
supporting.Attempt.form,Attempt,exercised,not-applicable,"R01,R02,R03,R04,R05,R06,M01,M02,M06,T01,T02",supporting.Attempt.form,"AT-SCOPE-1,AT-SCOPE-2,AT-RUN-1",1,form=entity,wfh-008 alphabet R + M01 as parsed + T01/T02 (ledgered transitive),reconstructed from git and forge; no runtime record,see instance + wfh-008-validate.py output,not-applicable,S3: form is undocumented in notation,not-applicable,not-applicable,not-applicable,not-applicable,not-applicable,not-applicable,not-applicable,not-applicable,not-applicable,not-applicable,not-applicable,not-applicable
supporting.Attempt.status,Attempt,exercised,not-applicable,"R01,R02,R03,R04,R05,R06,M01,M02,M06,T01,T02",supporting.Attempt.status,none,not-applicable,"model status=RESOLVED; consumed as test input, not as permission to fill holes",wfh-008 alphabet R + M01 as parsed + T01/T02 (ledgered transitive),reconstructed from git and forge; no runtime record,see instance + wfh-008-validate.py output,not-applicable,n/a,not-applicable,not-applicable,not-applicable,not-applicable,not-applicable,not-applicable,not-applicable,not-applicable,not-applicable,not-applicable,not-applicable,not-applicable
supporting.Attempt.owner,Attempt,exercised,not-applicable,"R01,R02,R03,R04,R05,R06,M01,M02,M06,T01,T02",supporting.Attempt.owner,none,not-applicable,owner=Workflow,wfh-008 alphabet R + M01 as parsed + T01/T02 (ledgered transitive),reconstructed from git and forge; no runtime record,see instance + wfh-008-validate.py output,specified-not-enforced,S3: owner is undocumented in notation,not-applicable,not-applicable,not-applicable,not-applicable,not-applicable,not-applicable,not-applicable,not-applicable,not-applicable,not-applicable,not-applicable,not-applicable
supporting.Attempt.invariants,Attempt,exercised,not-applicable,"R01,R02,R03,R04,R05,R06,M01,M02,M06,T01,T02",supporting.Attempt.invariants,none,not-applicable,cites ['I15'],wfh-008 alphabet R + M01 as parsed + T01/T02 (ledgered transitive),reconstructed from git and forge; no runtime record,see instance + wfh-008-validate.py output,see the invariant rows,n/a,not-applicable,not-applicable,not-applicable,not-applicable,not-applicable,not-applicable,not-applicable,not-applicable,not-applicable,not-applicable,not-applicable,not-applicable
supporting.Attempt.fields.baseline_ref,Attempt,exercised,not-applicable,"R01,R02,R03,R04,R05,R06,M01,M02,M06,T01,T02",supporting.Attempt.fields.baseline_ref,"AT-SCOPE-1,AT-SCOPE-2,AT-RUN-1,AT-RUN-2,AT-W1-1,AT-W1-2",1,set on 27/27 instances,wfh-008 alphabet R + M01 as parsed + T01/T02 (ledgered transitive),reconstructed from git and forge; no runtime record,see instance + wfh-008-validate.py output,specified-not-enforced,n/a,not-applicable,not-applicable,not-applicable,not-applicable,not-applicable,not-applicable,not-applicable,not-applicable,not-applicable,not-applicable,not-applicable,not-applicable
supporting.Attempt.fields.started_at,Attempt,exercised,not-applicable,"R01,R02,R03,R04,R05,R06,M01,M02,M06,T01,T02",supporting.Attempt.fields.started_at,"AT-SCOPE-1,AT-SCOPE-2,AT-RUN-1,AT-RUN-2,AT-W1-1,AT-W1-2",1,set on 27/27 instances,wfh-008 alphabet R + M01 as parsed + T01/T02 (ledgered transitive),reconstructed from git and forge; no runtime record,see instance + wfh-008-validate.py output,specified-not-enforced,n/a,not-applicable,not-applicable,not-applicable,not-applicable,not-applicable,not-applicable,not-applicable,not-applicable,not-applicable,not-applicable,not-applicable,not-applicable
supporting.Attempt.fields.ended_at,Attempt,construct-pressure,PR-ATTEMPT-DISPOSITION,"R01,R02,R03,R04,R05,R06,M01,M02,M06,T01,T02",supporting.Attempt.fields.ended_at,"AT-SCOPE-1,AT-SCOPE-2,AT-RUN-1,AT-RUN-2,AT-W1-1,AT-W1-2",1,set on 27/27; APPROXIMATED on ['AT-RUN-1'],wfh-008 alphabet R + M01 as parsed + T01/T02 (ledgered transitive),reconstructed from git and forge; no runtime record,see instance + wfh-008-validate.py output,specified-not-enforced,pressure,model-defect; project-evolution-candidate; historical-evidence-gap,"AT-RUN-1 terminated on platform credit exhaustion. No actor recorded a disposition. Attempt.disposition is required with enum[continue,hold,cancel,rework,complete] - no abandoned/interrupted/unknown value exists. `hold` is written and marked _approx; it is a reconstruction by AC-COORD, not the attempt's own record. This is the same argument the review's R2 finding made for splitting gate_outcome from assessment (an abandoned assessment must leave a trace), applied to Attempt, where V5 did not apply it.",NOT FAITHFULLY REPRESENTABLE,see CF-03 - the reconstructing coordinator writes a typed interruption record against the interrupted Attempt,wfh-008 lost every phase boundary for two phases and the replacement leader reconstructed state by hand across three surfaces; the run itself carried this into factory-retro as a lesson,preserves only if the record stays explicitly authored by the RESUMING actor at reconstruction time and never claims to be the interrupted actor's own disposition,"theme-coordination protocol, the leader and coordinator contracts, and a record category; low-moderate. Real risk: a typed handover is easier to write than to write honestly, and the historical comment's best property - naming what is permanently missing and refusing to backfill - is a discipline no schema enforces",.claude/workflow/theme-coordination.md; .claude/agents/factory/theme-coordinator.md; .claude/agents/factory/research-leader.md,no,partially,"STILL NOT FULLY REPRESENTABLE - CF-03 supplies the resume side, which V5 already carries well, and leaves the termination side exactly as it was. The model defect survives the project evolution, per the amendment's rule.",not-applicable
supporting.Attempt.fields.disposition,Attempt,construct-pressure,PR-ATTEMPT-DISPOSITION,"R01,R02,R03,R04,R05,R06,M01,M02,M06,T01,T02",supporting.Attempt.fields.disposition,"AT-SCOPE-1,AT-SCOPE-2,AT-RUN-1,AT-RUN-2,AT-W1-1,AT-W1-2",1,set on 27/27; APPROXIMATED on ['AT-RUN-1'],wfh-008 alphabet R + M01 as parsed + T01/T02 (ledgered transitive),reconstructed from git and forge; no runtime record,see instance + wfh-008-validate.py output,specified-not-enforced,pressure,model-defect; project-evolution-candidate; historical-evidence-gap,"AT-RUN-1 terminated on platform credit exhaustion. No actor recorded a disposition. Attempt.disposition is required with enum[continue,hold,cancel,rework,complete] - no abandoned/interrupted/unknown value exists. `hold` is written and marked _approx; it is a reconstruction by AC-COORD, not the attempt's own record. This is the same argument the review's R2 finding made for splitting gate_outcome from assessment (an abandoned assessment must leave a trace), applied to Attempt, where V5 did not apply it.",NOT FAITHFULLY REPRESENTABLE,see CF-03 - the reconstructing coordinator writes a typed interruption record against the interrupted Attempt,wfh-008 lost every phase boundary for two phases and the replacement leader reconstructed state by hand across three surfaces; the run itself carried this into factory-retro as a lesson,preserves only if the record stays explicitly authored by the RESUMING actor at reconstruction time and never claims to be the interrupted actor's own disposition,"theme-coordination protocol, the leader and coordinator contracts, and a record category; low-moderate. Real risk: a typed handover is easier to write than to write honestly, and the historical comment's best property - naming what is permanently missing and refusing to backfill - is a discipline no schema enforces",.claude/workflow/theme-coordination.md; .claude/agents/factory/theme-coordinator.md; .claude/agents/factory/research-leader.md,no,partially,"STILL NOT FULLY REPRESENTABLE - CF-03 supplies the resume side, which V5 already carries well, and leaves the termination side exactly as it was. The model defect survives the project evolution, per the amendment's rule.",not-applicable
supporting.Attempt.fields.resume_requirements,Attempt,construct-pressure,PR-ATTEMPT-RESUME-OWNER,"R01,R02,R03,R04,R05,R06,M01,M02,M06,T01,T02",supporting.Attempt.fields.resume_requirements,AT-RUN-2,1,"populated in full on AT-RUN-2 - the strongest positive witness for the field - but authored by the RESUMING actor about the INTERRUPTED attempt, and the model does not say which Attempt owns it",wfh-008 alphabet R + M01 as parsed + T01/T02 (ledgered transitive),reconstructed from git and forge; no runtime record,see instance + wfh-008-validate.py output,specified-not-enforced,pressure,model-defect,"resume_requirements sits on Attempt, but the model does not say which Attempt owns it. Historically the payload was authored by the RESUMING actor (AC-LEAD-2) about the INTERRUPTED attempt. The instance places it on AT-RUN-2.",representable; the placement is unforced and two readings are equally conforming,not-applicable,not-applicable,not-applicable,not-applicable,not-applicable,yes,not-applicable,not-applicable,not-applicable
supporting.Attempt.relations.unit,Attempt,exercised,not-applicable,"R01,R02,R03,R04,R05,R06,M01,M02,M06,T01,T02",supporting.Attempt.relations.unit,"AT-SCOPE-1,AT-SCOPE-2,AT-RUN-1,AT-RUN-2,AT-W1-1,AT-W1-2",1,"non-empty on 27/27; declared inverse, closed mechanically",wfh-008 alphabet R + M01 as parsed + T01/T02 (ledgered transitive),reconstructed from git and forge; no runtime record,see instance + wfh-008-validate.py output,mechanically checkable and checked,n/a,not-applicable,not-applicable,not-applicable,not-applicable,not-applicable,not-applicable,not-applicable,not-applicable,not-applicable,not-applicable,not-applicable,not-applicable
supporting.Attempt.relations.actors,Attempt,exercised,not-applicable,"R01,R02,R03,R04,R05,R06,M01,M02,M06,T01,T02",supporting.Attempt.relations.actors,"AT-SCOPE-1,AT-SCOPE-2,AT-RUN-1,AT-RUN-2,AT-W1-1,AT-W1-2",1,"non-empty on 27/27; one-way, served by index",wfh-008 alphabet R + M01 as parsed + T01/T02 (ledgered transitive),reconstructed from git and forge; no runtime record,see instance + wfh-008-validate.py output,mechanically checkable and checked,n/a,not-applicable,not-applicable,not-applicable,not-applicable,not-applicable,not-applicable,not-applicable,not-applicable,not-applicable,not-applicable,not-applicable,not-applicable
supporting.Attempt.relations.governed_by,Attempt,exercised,not-applicable,"R01,R02,R03,R04,R05,R06,M01,M02,M06,T01,T02",supporting.Attempt.relations.governed_by,"AT-SCOPE-1,AT-SCOPE-2,AT-RUN-1,AT-RUN-2,AT-W1-1,AT-W1-2",1,"non-empty on 27/27; declared inverse, closed mechanically",wfh-008 alphabet R + M01 as parsed + T01/T02 (ledgered transitive),reconstructed from git and forge; no runtime record,see instance + wfh-008-validate.py output,mechanically checkable and checked,n/a,not-applicable,not-applicable,not-applicable,not-applicable,not-applicable,not-applicable,not-applicable,not-applicable,not-applicable,not-applicable,not-applicable,not-applicable
supporting.Attempt.relations.produces,Attempt,exercised,not-applicable,"R01,R02,R03,R04,R05,R06,M01,M02,M06,T01,T02",supporting.Attempt.relations.produces,"AT-SCOPE-1,AT-SCOPE-2,AT-RUN-2,AT-W1-1,AT-W1-2,AT-W1-3",1,"non-empty on 26/27; one-way, served by index",wfh-008 alphabet R + M01 as parsed + T01/T02 (ledgered transitive),reconstructed from git and forge; no runtime record,see instance + wfh-008-validate.py output,mechanically checkable and checked,n/a,not-applicable,not-applicable,not-applicable,not-applicable,not-applicable,not-applicable,not-applicable,not-applicable,not-applicable,not-applicable,not-applicable,not-applicable
supporting.Technology.versioned,Technology,exercised,not-applicable,"R01,R02,R03,R04,R05,R06,M01,M02,M06,T01,T02",supporting.Technology.versioned,"TE-METAHARNESS,TE-RUFLO,TE-RETORT",1,versioned=True; the checker enforces presence/absence of a version on every instance,wfh-008 alphabet R + M01 as parsed + T01/T02 (ledgered transitive),Unimatrix,see instance + wfh-008-validate.py output,mechanically checkable and checked,n/a,not-applicable,not-applicable,not-applicable,not-applicable,not-applicable,not-applicable,not-applicable,not-applicable,not-applicable,not-applicable,not-applicable,not-applicable
supporting.Technology.identity,Technology,exercised,not-applicable,"R01,R02,R03,R04,R05,R06,M01,M02,M06,T01,T02",supporting.Technology.identity,"TE-METAHARNESS,TE-RUFLO,TE-RETORT",1,identity=technology_id; opaque ids in the instance,wfh-008 alphabet R + M01 as parsed + T01/T02 (ledgered transitive),Unimatrix,see instance + wfh-008-validate.py output,specified-not-enforced,n/a,not-applicable,not-applicable,not-applicable,not-applicable,not-applicable,not-applicable,not-applicable,not-applicable,not-applicable,not-applicable,not-applicable,not-applicable
supporting.Technology.form,Technology,exercised,not-applicable,"R01,R02,R03,R04,R05,R06,M01,M02,M06,T01,T02",supporting.Technology.form,"TE-METAHARNESS,TE-RUFLO,TE-RETORT",1,form=entity,wfh-008 alphabet R + M01 as parsed + T01/T02 (ledgered transitive),Unimatrix,see instance + wfh-008-validate.py output,not-applicable,S3: form is undocumented in notation,not-applicable,not-applicable,not-applicable,not-applicable,not-applicable,not-applicable,not-applicable,not-applicable,not-applicable,not-applicable,not-applicable,not-applicable
supporting.Technology.status,Technology,exercised,not-applicable,"R01,R02,R03,R04,R05,R06,M01,M02,M06,T01,T02",supporting.Technology.status,none,not-applicable,"model status=OPEN; consumed as test input, not as permission to fill holes",wfh-008 alphabet R + M01 as parsed + T01/T02 (ledgered transitive),Unimatrix,see instance + wfh-008-validate.py output,not-applicable,n/a,not-applicable,not-applicable,not-applicable,not-applicable,not-applicable,not-applicable,not-applicable,not-applicable,not-applicable,not-applicable,not-applicable,not-applicable
supporting.Technology.owner,Technology,exercised,not-applicable,"R01,R02,R03,R04,R05,R06,M01,M02,M06,T01,T02",supporting.Technology.owner,none,not-applicable,owner=Program,wfh-008 alphabet R + M01 as parsed + T01/T02 (ledgered transitive),Unimatrix,see instance + wfh-008-validate.py output,specified-not-enforced,S3: owner is undocumented in notation,not-applicable,not-applicable,not-applicable,not-applicable,not-applicable,not-applicable,not-applicable,not-applicable,not-applicable,not-applicable,not-applicable,not-applicable
supporting.Technology.invariants,Technology,exercised,not-applicable,"R01,R02,R03,R04,R05,R06,M01,M02,M06,T01,T02",supporting.Technology.invariants,none,not-applicable,cites ['I11'],wfh-008 alphabet R + M01 as parsed + T01/T02 (ledgered transitive),Unimatrix,see instance + wfh-008-validate.py output,see the invariant rows,n/a,not-applicable,not-applicable,not-applicable,not-applicable,not-applicable,not-applicable,not-applicable,not-applicable,not-applicable,not-applicable,not-applicable,not-applicable
supporting.Technology.fields.name,Technology,exercised,not-applicable,"R01,R02,R03,R04,R05,R06,M01,M02,M06,T01,T02",supporting.Technology.fields.name,"TE-METAHARNESS,TE-RUFLO,TE-RETORT",1,set on 3/3 instances,wfh-008 alphabet R + M01 as parsed + T01/T02 (ledgered transitive),Unimatrix,see instance + wfh-008-validate.py output,specified-not-enforced,n/a,not-applicable,not-applicable,not-applicable,not-applicable,not-applicable,not-applicable,not-applicable,not-applicable,not-applicable,not-applicable,not-applicable,not-applicable
supporting.Technology.fields.grade,Technology,exercised,not-applicable,"R01,R02,R03,R04,R05,R06,M01,M02,M06,T01,T02",supporting.Technology.fields.grade,"TE-METAHARNESS,TE-RUFLO,TE-RETORT",1,set on 3/3 instances,wfh-008 alphabet R + M01 as parsed + T01/T02 (ledgered transitive),Unimatrix,see instance + wfh-008-validate.py output,specified-not-enforced,n/a,not-applicable,not-applicable,not-applicable,not-applicable,not-applicable,not-applicable,not-applicable,not-applicable,not-applicable,not-applicable,not-applicable,not-applicable
supporting.Technology.fields.constraints,Technology,exercised,not-applicable,"R01,R02,R03,R04,R05,R06,M01,M02,M06,T01,T02",supporting.Technology.fields.constraints,"TE-METAHARNESS,TE-RUFLO,TE-RETORT",1,set on 3/3 instances,wfh-008 alphabet R + M01 as parsed + T01/T02 (ledgered transitive),Unimatrix,see instance + wfh-008-validate.py output,specified-not-enforced,n/a,not-applicable,not-applicable,not-applicable,not-applicable,not-applicable,not-applicable,not-applicable,not-applicable,not-applicable,not-applicable,not-applicable,not-applicable
supporting.Technology.fields.evidence_record_refs,Technology,not-applicable,not-applicable,"R01,R02,R03,R04,R05,R06,M01,M02,M06,T01,T02",supporting.Technology.fields.evidence_record_refs,none,not-applicable,optional field; the alphabet supplies no value,wfh-008 alphabet R + M01 as parsed + T01/T02 (ledgered transitive),Unimatrix,see instance + wfh-008-validate.py output,not-applicable,missing-history,not-applicable,not-applicable,not-applicable,not-applicable,not-applicable,not-applicable,not-applicable,not-applicable,not-applicable,not-applicable,not-applicable,not-applicable
supporting.Technology.relations.enables,Technology,not-applicable,not-applicable,"R01,R02,R03,R04,R05,R06,M01,M02,M06,T01,T02",supporting.Technology.relations.enables,none,not-applicable,empty on every instance - no historical occurrence,wfh-008 alphabet R + M01 as parsed + T01/T02 (ledgered transitive),Unimatrix,see instance + wfh-008-validate.py output,specified-not-enforced,missing-history,not-applicable,not-applicable,not-applicable,not-applicable,not-applicable,not-applicable,not-applicable,not-applicable,not-applicable,not-applicable,not-applicable,not-applicable
supporting.Technology.open[0],Technology,construct-pressure,not-applicable,"R01,R02,R03,R04,R05,R06,M01,M02,M06,T01,T02",supporting.Technology.open[0],none,not-applicable,adopted component versus conceptual mechanism,wfh-008 alphabet R + M01 as parsed + T01/T02 (ledgered transitive),Unimatrix,see instance + wfh-008-validate.py output,not-applicable,still-open,not-applicable,not-applicable,not-applicable,not-applicable,not-applicable,not-applicable,not-applicable,not-applicable,not-applicable,not-applicable,not-applicable,not-applicable
supporting.Technology.open[1],Technology,construct-pressure,not-applicable,"R01,R02,R03,R04,R05,R06,M01,M02,M06,T01,T02",supporting.Technology.open[1],none,not-applicable,expiry and reassessment,wfh-008 alphabet R + M01 as parsed + T01/T02 (ledgered transitive),Unimatrix,see instance + wfh-008-validate.py output,not-applicable,still-open,not-applicable,not-applicable,not-applicable,not-applicable,not-applicable,not-applicable,not-applicable,not-applicable,not-applicable,not-applicable,not-applicable,not-applicable
registries.scope_type,Registry,exercised,not-applicable,"R01,R02,R03,R04,R05,R06,M01,M02,M06,T01,T02",registries.scope_type,registry_extensions,1,4 model seeds + 0 program-owned extensions authored here,wfh-008 alphabet R + M01 as parsed + T01/T02 (ledgered transitive),not-applicable,see instance + wfh-008-validate.py output,specified-not-enforced,seeds only,not-applicable,not-applicable,not-applicable,not-applicable,not-applicable,not-applicable,not-applicable,not-applicable,not-applicable,not-applicable,not-applicable,not-applicable
registries.scope_type.shape,Registry,exercised,not-applicable,"R01,R02,R03,R04,R05,R06,M01,M02,M06,T01,T02",registries.scope_type.shape,registry_extensions,1,every authored extension conforms to the declared shape; the checker verifies it key by key,wfh-008 alphabet R + M01 as parsed + T01/T02 (ledgered transitive),not-applicable,see instance + wfh-008-validate.py output,mechanically checkable and checked,n/a,not-applicable,not-applicable,not-applicable,not-applicable,not-applicable,not-applicable,not-applicable,not-applicable,not-applicable,not-applicable,not-applicable,not-applicable
registries.scope_type.admission_rule,Registry,not-applicable,not-applicable,"R01,R02,R03,R04,R05,R06,M01,M02,M06,T01,T02",registries.scope_type.admission_rule,none,not-applicable,no extension authored,wfh-008 alphabet R + M01 as parsed + T01/T02 (ledgered transitive),not-applicable,see instance + wfh-008-validate.py output,specified-not-enforced,n/a,not-applicable,not-applicable,not-applicable,not-applicable,not-applicable,not-applicable,not-applicable,not-applicable,not-applicable,not-applicable,not-applicable,not-applicable
registries.scope_type.seeded.collective,Registry,exercised,not-applicable,"R01,R02,R03,R04,R05,R06,M01,M02,M06,T01,T02",registries.scope_type.seeded.collective,none,not-applicable,used by at least one instance,wfh-008 alphabet R + M01 as parsed + T01/T02 (ledgered transitive),not-applicable,see instance + wfh-008-validate.py output,specified-not-enforced,n/a,not-applicable,not-applicable,not-applicable,not-applicable,not-applicable,not-applicable,not-applicable,not-applicable,not-applicable,not-applicable,not-applicable,not-applicable
registries.scope_type.seeded.program,Registry,exercised,not-applicable,"R01,R02,R03,R04,R05,R06,M01,M02,M06,T01,T02",registries.scope_type.seeded.program,none,not-applicable,used by at least one instance,wfh-008 alphabet R + M01 as parsed + T01/T02 (ledgered transitive),not-applicable,see instance + wfh-008-validate.py output,specified-not-enforced,n/a,not-applicable,not-applicable,not-applicable,not-applicable,not-applicable,not-applicable,not-applicable,not-applicable,not-applicable,not-applicable,not-applicable,not-applicable
registries.scope_type.seeded.mission,Registry,exercised,not-applicable,"R01,R02,R03,R04,R05,R06,M01,M02,M06,T01,T02",registries.scope_type.seeded.mission,none,not-applicable,used by at least one instance,wfh-008 alphabet R + M01 as parsed + T01/T02 (ledgered transitive),not-applicable,see instance + wfh-008-validate.py output,specified-not-enforced,n/a,not-applicable,not-applicable,not-applicable,not-applicable,not-applicable,not-applicable,not-applicable,not-applicable,not-applicable,not-applicable,not-applicable,not-applicable
registries.scope_type.seeded.team,Registry,exercised,not-applicable,"R01,R02,R03,R04,R05,R06,M01,M02,M06,T01,T02",registries.scope_type.seeded.team,none,not-applicable,used by at least one instance,wfh-008 alphabet R + M01 as parsed + T01/T02 (ledgered transitive),not-applicable,see instance + wfh-008-validate.py output,specified-not-enforced,n/a,not-applicable,not-applicable,not-applicable,not-applicable,not-applicable,not-applicable,not-applicable,not-applicable,not-applicable,not-applicable,not-applicable,not-applicable
registries.capability_classification,Registry,exercised,not-applicable,"R01,R02,R03,R04,R05,R06,M01,M02,M06,T01,T02",registries.capability_classification,registry_extensions,1,4 model seeds + 0 program-owned extensions authored here,wfh-008 alphabet R + M01 as parsed + T01/T02 (ledgered transitive),not-applicable,see instance + wfh-008-validate.py output,specified-not-enforced,seeds only,not-applicable,not-applicable,not-applicable,not-applicable,not-applicable,not-applicable,not-applicable,not-applicable,not-applicable,not-applicable,not-applicable,not-applicable
registries.capability_classification.shape,Registry,exercised,not-applicable,"R01,R02,R03,R04,R05,R06,M01,M02,M06,T01,T02",registries.capability_classification.shape,registry_extensions,1,every authored extension conforms to the declared shape; the checker verifies it key by key,wfh-008 alphabet R + M01 as parsed + T01/T02 (ledgered transitive),not-applicable,see instance + wfh-008-validate.py output,mechanically checkable and checked,n/a,not-applicable,not-applicable,not-applicable,not-applicable,not-applicable,not-applicable,not-applicable,not-applicable,not-applicable,not-applicable,not-applicable,not-applicable
registries.capability_classification.admission_rule,Registry,not-applicable,not-applicable,"R01,R02,R03,R04,R05,R06,M01,M02,M06,T01,T02",registries.capability_classification.admission_rule,none,not-applicable,no extension authored,wfh-008 alphabet R + M01 as parsed + T01/T02 (ledgered transitive),not-applicable,see instance + wfh-008-validate.py output,specified-not-enforced,n/a,not-applicable,not-applicable,not-applicable,not-applicable,not-applicable,not-applicable,not-applicable,not-applicable,not-applicable,not-applicable,not-applicable,not-applicable
registries.capability_classification.seeded.functional,Registry,not-applicable,PR-CAPABILITY-CLASSIFICATION-UNUSED,"R01,R02,R03,R04,R05,R06,M01,M02,M06,T01,T02",registries.capability_classification.seeded.functional,none,not-applicable,no historical occurrence in this case,wfh-008 alphabet R + M01 as parsed + T01/T02 (ledgered transitive),not-applicable,see instance + wfh-008-validate.py output,specified-not-enforced,missing-history,historical-evidence-gap,"registry.capability_classification carries four seeds (functional, nonfunctional, threshold, curve). None is exercised, because the case instantiates zero Capability objects. The registry cannot be tested by this case at all.",not exercised,not-applicable,not-applicable,not-applicable,not-applicable,not-applicable,yes,not-applicable,not-applicable,not-applicable
registries.capability_classification.seeded.nonfunctional,Registry,not-applicable,PR-CAPABILITY-CLASSIFICATION-UNUSED,"R01,R02,R03,R04,R05,R06,M01,M02,M06,T01,T02",registries.capability_classification.seeded.nonfunctional,none,not-applicable,no historical occurrence in this case,wfh-008 alphabet R + M01 as parsed + T01/T02 (ledgered transitive),not-applicable,see instance + wfh-008-validate.py output,specified-not-enforced,missing-history,historical-evidence-gap,"registry.capability_classification carries four seeds (functional, nonfunctional, threshold, curve). None is exercised, because the case instantiates zero Capability objects. The registry cannot be tested by this case at all.",not exercised,not-applicable,not-applicable,not-applicable,not-applicable,not-applicable,yes,not-applicable,not-applicable,not-applicable
registries.capability_classification.seeded.threshold,Registry,not-applicable,PR-CAPABILITY-CLASSIFICATION-UNUSED,"R01,R02,R03,R04,R05,R06,M01,M02,M06,T01,T02",registries.capability_classification.seeded.threshold,none,not-applicable,no historical occurrence in this case,wfh-008 alphabet R + M01 as parsed + T01/T02 (ledgered transitive),not-applicable,see instance + wfh-008-validate.py output,specified-not-enforced,missing-history,historical-evidence-gap,"registry.capability_classification carries four seeds (functional, nonfunctional, threshold, curve). None is exercised, because the case instantiates zero Capability objects. The registry cannot be tested by this case at all.",not exercised,not-applicable,not-applicable,not-applicable,not-applicable,not-applicable,yes,not-applicable,not-applicable,not-applicable
registries.capability_classification.seeded.curve,Registry,not-applicable,PR-CAPABILITY-CLASSIFICATION-UNUSED,"R01,R02,R03,R04,R05,R06,M01,M02,M06,T01,T02",registries.capability_classification.seeded.curve,none,not-applicable,no historical occurrence in this case,wfh-008 alphabet R + M01 as parsed + T01/T02 (ledgered transitive),not-applicable,see instance + wfh-008-validate.py output,specified-not-enforced,missing-history,historical-evidence-gap,"registry.capability_classification carries four seeds (functional, nonfunctional, threshold, curve). None is exercised, because the case instantiates zero Capability objects. The registry cannot be tested by this case at all.",not exercised,not-applicable,not-applicable,not-applicable,not-applicable,not-applicable,yes,not-applicable,not-applicable,not-applicable
registries.event_type,Registry,exercised,not-applicable,"R01,R02,R03,R04,R05,R06,M01,M02,M06,T01,T02",registries.event_type,registry_extensions,1,9 model seeds + 1 program-owned extensions authored here,wfh-008 alphabet R + M01 as parsed + T01/T02 (ledgered transitive),not-applicable,see instance + wfh-008-validate.py output,specified-not-enforced,admission_rule applied and recorded,not-applicable,not-applicable,not-applicable,not-applicable,not-applicable,not-applicable,not-applicable,not-applicable,not-applicable,not-applicable,not-applicable,not-applicable
registries.event_type.shape,Registry,exercised,not-applicable,"R01,R02,R03,R04,R05,R06,M01,M02,M06,T01,T02",registries.event_type.shape,registry_extensions,1,every authored extension conforms to the declared shape; the checker verifies it key by key,wfh-008 alphabet R + M01 as parsed + T01/T02 (ledgered transitive),not-applicable,see instance + wfh-008-validate.py output,mechanically checkable and checked,n/a,not-applicable,not-applicable,not-applicable,not-applicable,not-applicable,not-applicable,not-applicable,not-applicable,not-applicable,not-applicable,not-applicable,not-applicable
registries.event_type.admission_rule,Registry,exercised,not-applicable,"R01,R02,R03,R04,R05,R06,M01,M02,M06,T01,T02",registries.event_type.admission_rule,registry_extensions,1,applied to each authored entry with a stated behavioral justification,wfh-008 alphabet R + M01 as parsed + T01/T02 (ledgered transitive),not-applicable,see instance + wfh-008-validate.py output,specified-not-enforced,n/a,not-applicable,not-applicable,not-applicable,not-applicable,not-applicable,not-applicable,not-applicable,not-applicable,not-applicable,not-applicable,not-applicable,not-applicable
registries.event_type.seeded.communication,Registry,exercised,not-applicable,"R01,R02,R03,R04,R05,R06,M01,M02,M06,T01,T02",registries.event_type.seeded.communication,none,not-applicable,used by at least one instance,wfh-008 alphabet R + M01 as parsed + T01/T02 (ledgered transitive),not-applicable,see instance + wfh-008-validate.py output,specified-not-enforced,n/a,not-applicable,not-applicable,not-applicable,not-applicable,not-applicable,not-applicable,not-applicable,not-applicable,not-applicable,not-applicable,not-applicable,not-applicable
registries.event_type.seeded.decision,Registry,exercised,not-applicable,"R01,R02,R03,R04,R05,R06,M01,M02,M06,T01,T02",registries.event_type.seeded.decision,none,not-applicable,used by at least one instance,wfh-008 alphabet R + M01 as parsed + T01/T02 (ledgered transitive),not-applicable,see instance + wfh-008-validate.py output,specified-not-enforced,n/a,not-applicable,not-applicable,not-applicable,not-applicable,not-applicable,not-applicable,not-applicable,not-applicable,not-applicable,not-applicable,not-applicable,not-applicable
registries.event_type.seeded.observation,Registry,exercised,not-applicable,"R01,R02,R03,R04,R05,R06,M01,M02,M06,T01,T02",registries.event_type.seeded.observation,none,not-applicable,used by at least one instance,wfh-008 alphabet R + M01 as parsed + T01/T02 (ledgered transitive),not-applicable,see instance + wfh-008-validate.py output,specified-not-enforced,n/a,not-applicable,not-applicable,not-applicable,not-applicable,not-applicable,not-applicable,not-applicable,not-applicable,not-applicable,not-applicable,not-applicable,not-applicable
registries.event_type.seeded.assessment,Registry,exercised,not-applicable,"R01,R02,R03,R04,R05,R06,M01,M02,M06,T01,T02",registries.event_type.seeded.assessment,none,not-applicable,used by at least one instance,wfh-008 alphabet R + M01 as parsed + T01/T02 (ledgered transitive),not-applicable,see instance + wfh-008-validate.py output,specified-not-enforced,n/a,not-applicable,not-applicable,not-applicable,not-applicable,not-applicable,not-applicable,not-applicable,not-applicable,not-applicable,not-applicable,not-applicable,not-applicable
registries.event_type.seeded.gate_outcome,Registry,exercised,not-applicable,"R01,R02,R03,R04,R05,R06,M01,M02,M06,T01,T02",registries.event_type.seeded.gate_outcome,none,not-applicable,used by at least one instance,wfh-008 alphabet R + M01 as parsed + T01/T02 (ledgered transitive),not-applicable,see instance + wfh-008-validate.py output,specified-not-enforced,n/a,not-applicable,not-applicable,not-applicable,not-applicable,not-applicable,not-applicable,not-applicable,not-applicable,not-applicable,not-applicable,not-applicable,not-applicable
registries.event_type.seeded.transition,Registry,exercised,not-applicable,"R01,R02,R03,R04,R05,R06,M01,M02,M06,T01,T02",registries.event_type.seeded.transition,none,not-applicable,used by at least one instance,wfh-008 alphabet R + M01 as parsed + T01/T02 (ledgered transitive),not-applicable,see instance + wfh-008-validate.py output,specified-not-enforced,n/a,not-applicable,not-applicable,not-applicable,not-applicable,not-applicable,not-applicable,not-applicable,not-applicable,not-applicable,not-applicable,not-applicable,not-applicable
registries.event_type.seeded.effect_request,Registry,exercised,not-applicable,"R01,R02,R03,R04,R05,R06,M01,M02,M06,T01,T02",registries.event_type.seeded.effect_request,none,not-applicable,used by at least one instance,wfh-008 alphabet R + M01 as parsed + T01/T02 (ledgered transitive),not-applicable,see instance + wfh-008-validate.py output,specified-not-enforced,n/a,not-applicable,not-applicable,not-applicable,not-applicable,not-applicable,not-applicable,not-applicable,not-applicable,not-applicable,not-applicable,not-applicable,not-applicable
registries.event_type.seeded.effect_disposition,Registry,exercised,not-applicable,"R01,R02,R03,R04,R05,R06,M01,M02,M06,T01,T02",registries.event_type.seeded.effect_disposition,none,not-applicable,used by at least one instance,wfh-008 alphabet R + M01 as parsed + T01/T02 (ledgered transitive),not-applicable,see instance + wfh-008-validate.py output,specified-not-enforced,n/a,not-applicable,not-applicable,not-applicable,not-applicable,not-applicable,not-applicable,not-applicable,not-applicable,not-applicable,not-applicable,not-applicable,not-applicable
registries.event_type.seeded.adaptation,Registry,exercised,not-applicable,"R01,R02,R03,R04,R05,R06,M01,M02,M06,T01,T02",registries.event_type.seeded.adaptation,none,not-applicable,used by at least one instance,wfh-008 alphabet R + M01 as parsed + T01/T02 (ledgered transitive),not-applicable,see instance + wfh-008-validate.py output,specified-not-enforced,n/a,not-applicable,not-applicable,not-applicable,not-applicable,not-applicable,not-applicable,not-applicable,not-applicable,not-applicable,not-applicable,not-applicable,not-applicable
registries.event_type.extension.unrecorded_change,Registry,exercised,not-applicable,"R01,R02,R03,R04,R05,R06,M01,M02,M06,T01,T02",registries.event_type.extension.unrecorded_change,none,not-applicable,program-owned extension authored and used by this instance,wfh-008 alphabet R + M01 as parsed + T01/T02 (ledgered transitive),not-applicable,see instance + wfh-008-validate.py output,specified-not-enforced,n/a,not-applicable,not-applicable,not-applicable,not-applicable,not-applicable,not-applicable,not-applicable,not-applicable,not-applicable,not-applicable,not-applicable,not-applicable
registries.record_category,Registry,exercised,not-applicable,"R01,R02,R03,R04,R05,R06,M01,M02,M06,T01,T02",registries.record_category,registry_extensions,1,0 model seeds + 9 program-owned extensions authored here,wfh-008 alphabet R + M01 as parsed + T01/T02 (ledgered transitive),not-applicable,see instance + wfh-008-validate.py output,specified-not-enforced,admission_rule applied and recorded,not-applicable,not-applicable,not-applicable,not-applicable,not-applicable,not-applicable,not-applicable,not-applicable,not-applicable,not-applicable,not-applicable,not-applicable
registries.record_category.shape,Registry,exercised,not-applicable,"R01,R02,R03,R04,R05,R06,M01,M02,M06,T01,T02",registries.record_category.shape,registry_extensions,1,every authored extension conforms to the declared shape; the checker verifies it key by key,wfh-008 alphabet R + M01 as parsed + T01/T02 (ledgered transitive),not-applicable,see instance + wfh-008-validate.py output,mechanically checkable and checked,n/a,not-applicable,not-applicable,not-applicable,not-applicable,not-applicable,not-applicable,not-applicable,not-applicable,not-applicable,not-applicable,not-applicable,not-applicable
registries.record_category.admission_rule,Registry,exercised,not-applicable,"R01,R02,R03,R04,R05,R06,M01,M02,M06,T01,T02",registries.record_category.admission_rule,registry_extensions,1,applied to each authored entry with a stated behavioral justification,wfh-008 alphabet R + M01 as parsed + T01/T02 (ledgered transitive),not-applicable,see instance + wfh-008-validate.py output,specified-not-enforced,n/a,not-applicable,not-applicable,not-applicable,not-applicable,not-applicable,not-applicable,not-applicable,not-applicable,not-applicable,not-applicable,not-applicable,not-applicable
registries.record_category.extension.research-scope-definition,Registry,exercised,not-applicable,"R01,R02,R03,R04,R05,R06,M01,M02,M06,T01,T02",registries.record_category.extension.research-scope-definition,none,not-applicable,program-owned extension authored and used by this instance,wfh-008 alphabet R + M01 as parsed + T01/T02 (ledgered transitive),not-applicable,see instance + wfh-008-validate.py output,specified-not-enforced,n/a,not-applicable,not-applicable,not-applicable,not-applicable,not-applicable,not-applicable,not-applicable,not-applicable,not-applicable,not-applicable,not-applicable,not-applicable
registries.record_category.extension.research-finding,Registry,exercised,not-applicable,"R01,R02,R03,R04,R05,R06,M01,M02,M06,T01,T02",registries.record_category.extension.research-finding,none,not-applicable,program-owned extension authored and used by this instance,wfh-008 alphabet R + M01 as parsed + T01/T02 (ledgered transitive),not-applicable,see instance + wfh-008-validate.py output,specified-not-enforced,n/a,not-applicable,not-applicable,not-applicable,not-applicable,not-applicable,not-applicable,not-applicable,not-applicable,not-applicable,not-applicable,not-applicable,not-applicable
registries.record_category.extension.coverage-audit,Registry,exercised,not-applicable,"R01,R02,R03,R04,R05,R06,M01,M02,M06,T01,T02",registries.record_category.extension.coverage-audit,none,not-applicable,program-owned extension authored and used by this instance,wfh-008 alphabet R + M01 as parsed + T01/T02 (ledgered transitive),not-applicable,see instance + wfh-008-validate.py output,specified-not-enforced,n/a,not-applicable,not-applicable,not-applicable,not-applicable,not-applicable,not-applicable,not-applicable,not-applicable,not-applicable,not-applicable,not-applicable,not-applicable
registries.record_category.extension.synthesis-report,Registry,exercised,not-applicable,"R01,R02,R03,R04,R05,R06,M01,M02,M06,T01,T02",registries.record_category.extension.synthesis-report,none,not-applicable,program-owned extension authored and used by this instance,wfh-008 alphabet R + M01 as parsed + T01/T02 (ledgered transitive),not-applicable,see instance + wfh-008-validate.py output,specified-not-enforced,n/a,not-applicable,not-applicable,not-applicable,not-applicable,not-applicable,not-applicable,not-applicable,not-applicable,not-applicable,not-applicable,not-applicable,not-applicable
registries.record_category.extension.relevance-review,Registry,exercised,not-applicable,"R01,R02,R03,R04,R05,R06,M01,M02,M06,T01,T02",registries.record_category.extension.relevance-review,none,not-applicable,program-owned extension authored and used by this instance,wfh-008 alphabet R + M01 as parsed + T01/T02 (ledgered transitive),not-applicable,see instance + wfh-008-validate.py output,specified-not-enforced,n/a,not-applicable,not-applicable,not-applicable,not-applicable,not-applicable,not-applicable,not-applicable,not-applicable,not-applicable,not-applicable,not-applicable,not-applicable
registries.record_category.extension.governance-decision-log,Registry,exercised,not-applicable,"R01,R02,R03,R04,R05,R06,M01,M02,M06,T01,T02",registries.record_category.extension.governance-decision-log,none,not-applicable,program-owned extension authored and used by this instance,wfh-008 alphabet R + M01 as parsed + T01/T02 (ledgered transitive),not-applicable,see instance + wfh-008-validate.py output,specified-not-enforced,n/a,not-applicable,not-applicable,not-applicable,not-applicable,not-applicable,not-applicable,not-applicable,not-applicable,not-applicable,not-applicable,not-applicable,not-applicable
registries.record_category.extension.knowledge-node,Registry,exercised,not-applicable,"R01,R02,R03,R04,R05,R06,M01,M02,M06,T01,T02",registries.record_category.extension.knowledge-node,none,not-applicable,program-owned extension authored and used by this instance,wfh-008 alphabet R + M01 as parsed + T01/T02 (ledgered transitive),not-applicable,see instance + wfh-008-validate.py output,specified-not-enforced,n/a,not-applicable,not-applicable,not-applicable,not-applicable,not-applicable,not-applicable,not-applicable,not-applicable,not-applicable,not-applicable,not-applicable,not-applicable
registries.record_category.extension.run-telemetry,Registry,exercised,not-applicable,"R01,R02,R03,R04,R05,R06,M01,M02,M06,T01,T02",registries.record_category.extension.run-telemetry,none,not-applicable,program-owned extension authored and used by this instance,wfh-008 alphabet R + M01 as parsed + T01/T02 (ledgered transitive),not-applicable,see instance + wfh-008-validate.py output,specified-not-enforced,n/a,not-applicable,not-applicable,not-applicable,not-applicable,not-applicable,not-applicable,not-applicable,not-applicable,not-applicable,not-applicable,not-applicable,not-applicable
registries.record_category.extension.method-definition,Registry,exercised,not-applicable,"R01,R02,R03,R04,R05,R06,M01,M02,M06,T01,T02",registries.record_category.extension.method-definition,none,not-applicable,program-owned extension authored and used by this instance,wfh-008 alphabet R + M01 as parsed + T01/T02 (ledgered transitive),not-applicable,see instance + wfh-008-validate.py output,specified-not-enforced,n/a,not-applicable,not-applicable,not-applicable,not-applicable,not-applicable,not-applicable,not-applicable,not-applicable,not-applicable,not-applicable,not-applicable,not-applicable
registries.unit_kind,Registry,exercised,not-applicable,"R01,R02,R03,R04,R05,R06,M01,M02,M06,T01,T02",registries.unit_kind,registry_extensions,1,0 model seeds + 8 program-owned extensions authored here,wfh-008 alphabet R + M01 as parsed + T01/T02 (ledgered transitive),not-applicable,see instance + wfh-008-validate.py output,specified-not-enforced,admission_rule applied and recorded,not-applicable,not-applicable,not-applicable,not-applicable,not-applicable,not-applicable,not-applicable,not-applicable,not-applicable,not-applicable,not-applicable,not-applicable
registries.unit_kind.shape,Registry,exercised,not-applicable,"R01,R02,R03,R04,R05,R06,M01,M02,M06,T01,T02",registries.unit_kind.shape,registry_extensions,1,every authored extension conforms to the declared shape; the checker verifies it key by key,wfh-008 alphabet R + M01 as parsed + T01/T02 (ledgered transitive),not-applicable,see instance + wfh-008-validate.py output,mechanically checkable and checked,n/a,not-applicable,not-applicable,not-applicable,not-applicable,not-applicable,not-applicable,not-applicable,not-applicable,not-applicable,not-applicable,not-applicable,not-applicable
registries.unit_kind.admission_rule,Registry,exercised,not-applicable,"R01,R02,R03,R04,R05,R06,M01,M02,M06,T01,T02",registries.unit_kind.admission_rule,registry_extensions,1,applied to each authored entry with a stated behavioral justification,wfh-008 alphabet R + M01 as parsed + T01/T02 (ledgered transitive),not-applicable,see instance + wfh-008-validate.py output,specified-not-enforced,n/a,not-applicable,not-applicable,not-applicable,not-applicable,not-applicable,not-applicable,not-applicable,not-applicable,not-applicable,not-applicable,not-applicable,not-applicable
registries.unit_kind.extension.research-scope-run,Registry,exercised,not-applicable,"R01,R02,R03,R04,R05,R06,M01,M02,M06,T01,T02",registries.unit_kind.extension.research-scope-run,none,not-applicable,program-owned extension authored and used by this instance,wfh-008 alphabet R + M01 as parsed + T01/T02 (ledgered transitive),not-applicable,see instance + wfh-008-validate.py output,specified-not-enforced,n/a,not-applicable,not-applicable,not-applicable,not-applicable,not-applicable,not-applicable,not-applicable,not-applicable,not-applicable,not-applicable,not-applicable,not-applicable
registries.unit_kind.extension.scope-definition,Registry,exercised,not-applicable,"R01,R02,R03,R04,R05,R06,M01,M02,M06,T01,T02",registries.unit_kind.extension.scope-definition,none,not-applicable,program-owned extension authored and used by this instance,wfh-008 alphabet R + M01 as parsed + T01/T02 (ledgered transitive),not-applicable,see instance + wfh-008-validate.py output,specified-not-enforced,n/a,not-applicable,not-applicable,not-applicable,not-applicable,not-applicable,not-applicable,not-applicable,not-applicable,not-applicable,not-applicable,not-applicable,not-applicable
registries.unit_kind.extension.research-workstream,Registry,exercised,not-applicable,"R01,R02,R03,R04,R05,R06,M01,M02,M06,T01,T02",registries.unit_kind.extension.research-workstream,none,not-applicable,program-owned extension authored and used by this instance,wfh-008 alphabet R + M01 as parsed + T01/T02 (ledgered transitive),not-applicable,see instance + wfh-008-validate.py output,specified-not-enforced,n/a,not-applicable,not-applicable,not-applicable,not-applicable,not-applicable,not-applicable,not-applicable,not-applicable,not-applicable,not-applicable,not-applicable,not-applicable
registries.unit_kind.extension.coverage-audit,Registry,exercised,not-applicable,"R01,R02,R03,R04,R05,R06,M01,M02,M06,T01,T02",registries.unit_kind.extension.coverage-audit,none,not-applicable,program-owned extension authored and used by this instance,wfh-008 alphabet R + M01 as parsed + T01/T02 (ledgered transitive),not-applicable,see instance + wfh-008-validate.py output,specified-not-enforced,n/a,not-applicable,not-applicable,not-applicable,not-applicable,not-applicable,not-applicable,not-applicable,not-applicable,not-applicable,not-applicable,not-applicable,not-applicable
registries.unit_kind.extension.pre-distillation-correction,Registry,exercised,not-applicable,"R01,R02,R03,R04,R05,R06,M01,M02,M06,T01,T02",registries.unit_kind.extension.pre-distillation-correction,none,not-applicable,program-owned extension authored and used by this instance,wfh-008 alphabet R + M01 as parsed + T01/T02 (ledgered transitive),not-applicable,see instance + wfh-008-validate.py output,specified-not-enforced,n/a,not-applicable,not-applicable,not-applicable,not-applicable,not-applicable,not-applicable,not-applicable,not-applicable,not-applicable,not-applicable,not-applicable,not-applicable
registries.unit_kind.extension.synthesis,Registry,exercised,not-applicable,"R01,R02,R03,R04,R05,R06,M01,M02,M06,T01,T02",registries.unit_kind.extension.synthesis,none,not-applicable,program-owned extension authored and used by this instance,wfh-008 alphabet R + M01 as parsed + T01/T02 (ledgered transitive),not-applicable,see instance + wfh-008-validate.py output,specified-not-enforced,n/a,not-applicable,not-applicable,not-applicable,not-applicable,not-applicable,not-applicable,not-applicable,not-applicable,not-applicable,not-applicable,not-applicable,not-applicable
registries.unit_kind.extension.relevance-review,Registry,exercised,not-applicable,"R01,R02,R03,R04,R05,R06,M01,M02,M06,T01,T02",registries.unit_kind.extension.relevance-review,none,not-applicable,program-owned extension authored and used by this instance,wfh-008 alphabet R + M01 as parsed + T01/T02 (ledgered transitive),not-applicable,see instance + wfh-008-validate.py output,specified-not-enforced,n/a,not-applicable,not-applicable,not-applicable,not-applicable,not-applicable,not-applicable,not-applicable,not-applicable,not-applicable,not-applicable,not-applicable,not-applicable
registries.unit_kind.extension.run-close,Registry,exercised,not-applicable,"R01,R02,R03,R04,R05,R06,M01,M02,M06,T01,T02",registries.unit_kind.extension.run-close,none,not-applicable,program-owned extension authored and used by this instance,wfh-008 alphabet R + M01 as parsed + T01/T02 (ledgered transitive),not-applicable,see instance + wfh-008-validate.py output,specified-not-enforced,n/a,not-applicable,not-applicable,not-applicable,not-applicable,not-applicable,not-applicable,not-applicable,not-applicable,not-applicable,not-applicable,not-applicable,not-applicable
registries.effect_class,Registry,exercised,not-applicable,"R01,R02,R03,R04,R05,R06,M01,M02,M06,T01,T02",registries.effect_class,registry_extensions,1,0 model seeds + 5 program-owned extensions authored here,wfh-008 alphabet R + M01 as parsed + T01/T02 (ledgered transitive),not-applicable,see instance + wfh-008-validate.py output,specified-not-enforced,admission_rule applied and recorded,not-applicable,not-applicable,not-applicable,not-applicable,not-applicable,not-applicable,not-applicable,not-applicable,not-applicable,not-applicable,not-applicable,not-applicable
registries.effect_class.shape,Registry,exercised,not-applicable,"R01,R02,R03,R04,R05,R06,M01,M02,M06,T01,T02",registries.effect_class.shape,registry_extensions,1,every authored extension conforms to the declared shape; the checker verifies it key by key,wfh-008 alphabet R + M01 as parsed + T01/T02 (ledgered transitive),not-applicable,see instance + wfh-008-validate.py output,mechanically checkable and checked,n/a,not-applicable,not-applicable,not-applicable,not-applicable,not-applicable,not-applicable,not-applicable,not-applicable,not-applicable,not-applicable,not-applicable,not-applicable
registries.effect_class.admission_rule,Registry,exercised,not-applicable,"R01,R02,R03,R04,R05,R06,M01,M02,M06,T01,T02",registries.effect_class.admission_rule,registry_extensions,1,applied to each authored entry with a stated behavioral justification,wfh-008 alphabet R + M01 as parsed + T01/T02 (ledgered transitive),not-applicable,see instance + wfh-008-validate.py output,specified-not-enforced,n/a,not-applicable,not-applicable,not-applicable,not-applicable,not-applicable,not-applicable,not-applicable,not-applicable,not-applicable,not-applicable,not-applicable,not-applicable
registries.effect_class.extension.worktree-write,Registry,exercised,not-applicable,"R01,R02,R03,R04,R05,R06,M01,M02,M06,T01,T02",registries.effect_class.extension.worktree-write,none,not-applicable,program-owned extension authored and used by this instance,wfh-008 alphabet R + M01 as parsed + T01/T02 (ledgered transitive),not-applicable,see instance + wfh-008-validate.py output,specified-not-enforced,n/a,not-applicable,not-applicable,not-applicable,not-applicable,not-applicable,not-applicable,not-applicable,not-applicable,not-applicable,not-applicable,not-applicable,not-applicable
registries.effect_class.extension.repo-write,Registry,exercised,not-applicable,"R01,R02,R03,R04,R05,R06,M01,M02,M06,T01,T02",registries.effect_class.extension.repo-write,none,not-applicable,program-owned extension authored and used by this instance,wfh-008 alphabet R + M01 as parsed + T01/T02 (ledgered transitive),not-applicable,see instance + wfh-008-validate.py output,specified-not-enforced,n/a,not-applicable,not-applicable,not-applicable,not-applicable,not-applicable,not-applicable,not-applicable,not-applicable,not-applicable,not-applicable,not-applicable,not-applicable
registries.effect_class.extension.forge-write,Registry,exercised,not-applicable,"R01,R02,R03,R04,R05,R06,M01,M02,M06,T01,T02",registries.effect_class.extension.forge-write,none,not-applicable,program-owned extension authored and used by this instance,wfh-008 alphabet R + M01 as parsed + T01/T02 (ledgered transitive),not-applicable,see instance + wfh-008-validate.py output,specified-not-enforced,n/a,not-applicable,not-applicable,not-applicable,not-applicable,not-applicable,not-applicable,not-applicable,not-applicable,not-applicable,not-applicable,not-applicable,not-applicable
registries.effect_class.extension.graph-write,Registry,exercised,not-applicable,"R01,R02,R03,R04,R05,R06,M01,M02,M06,T01,T02",registries.effect_class.extension.graph-write,none,not-applicable,program-owned extension authored and used by this instance,wfh-008 alphabet R + M01 as parsed + T01/T02 (ledgered transitive),not-applicable,see instance + wfh-008-validate.py output,specified-not-enforced,n/a,not-applicable,not-applicable,not-applicable,not-applicable,not-applicable,not-applicable,not-applicable,not-applicable,not-applicable,not-applicable,not-applicable,not-applicable
registries.effect_class.extension.cycle-write,Registry,exercised,not-applicable,"R01,R02,R03,R04,R05,R06,M01,M02,M06,T01,T02",registries.effect_class.extension.cycle-write,none,not-applicable,program-owned extension authored and used by this instance,wfh-008 alphabet R + M01 as parsed + T01/T02 (ledgered transitive),not-applicable,see instance + wfh-008-validate.py output,specified-not-enforced,n/a,not-applicable,not-applicable,not-applicable,not-applicable,not-applicable,not-applicable,not-applicable,not-applicable,not-applicable,not-applicable,not-applicable,not-applicable
catalogs.skill,Catalog,exercised,PR-SKILL-EVIDENCE-ABSENT,"R01,R02,R03,R04,R05,R06,M01,M02,M06,T01,T02",catalogs.skill,catalogs,1,construct=Skill scope=collective|program status=OPEN; populated in the instance's catalogs block,wfh-008 alphabet R + M01 as parsed + T01/T02 (ledgered transitive),not-applicable,see instance + wfh-008-validate.py output,specified-not-enforced,still-open,historical-evidence-gap,"Actor.has_skill declares attributes [evidence_refs, grade, currentness, expires_at]. Not one of the four is populated for any of the 22 Actor-Skill pairs in the instance: agents are assigned by type, never by evidenced competence. SK-BUDGET-CONTROL is the sharpest case - the run failed on credit exhaustion while the Skill carried no grade and no expiry.","structurally representable, evidentially empty",not-applicable,not-applicable,not-applicable,not-applicable,not-applicable,yes,not-applicable,not-applicable,not-applicable
catalogs.workflow,Catalog,exercised,not-applicable,"R01,R02,R03,R04,R05,R06,M01,M02,M06,T01,T02",catalogs.workflow,catalogs,1,construct=Workflow scope=program status=OPEN; populated in the instance's catalogs block,wfh-008 alphabet R + M01 as parsed + T01/T02 (ledgered transitive),not-applicable,see instance + wfh-008-validate.py output,specified-not-enforced,still-open,not-applicable,not-applicable,not-applicable,not-applicable,not-applicable,not-applicable,not-applicable,not-applicable,not-applicable,not-applicable,not-applicable,not-applicable
catalogs.gate,Catalog,exercised,PR-GATE-IDENTITY-VERSION,"R01,R02,R03,R04,R05,R06,M01,M02,M06,T01,T02",catalogs.gate,catalogs,1,construct=Gate scope=program|workflow|record-category status=OPEN; populated in the instance's catalogs block,wfh-008 alphabet R + M01 as parsed + T01/T02 (ledgered transitive),not-applicable,see instance + wfh-008-validate.py output,specified-not-enforced,still-open,historical-evidence-gap; model-defect,"The assessment event type requires gate_version_ref. The historical gate has no independent identity or version - it is a paragraph in a protocol file. The instance pins 'GT-COVERAGE@v1 (git:.claude/workflow/research-scope.md)', which the checker cannot resolve to a versioned Gate object, so the gate_outcome vocabulary resolution degrades to a WARN. open.gate_identity names this.",representable only by inventing a version label for a rule that has none,not-applicable,not-applicable,not-applicable,not-applicable,not-applicable,yes,not-applicable,not-applicable,not-applicable
values.autonomy_tier,Value,exercised,not-applicable,"R01,R02,R03,R04,R05,R06,M01,M02,M06,T01,T02",values.autonomy_tier,none,not-applicable,6 members; status=OPEN,wfh-008 alphabet R + M01 as parsed + T01/T02 (ledgered transitive),not-applicable,see instance + wfh-008-validate.py output,specified-not-enforced,n/a,not-applicable,not-applicable,not-applicable,not-applicable,not-applicable,not-applicable,not-applicable,not-applicable,not-applicable,not-applicable,not-applicable,not-applicable
values.autonomy_tier.A0,Value,exercised,not-applicable,"R01,R02,R03,R04,R05,R06,M01,M02,M06,T01,T02",values.autonomy_tier.A0,none,not-applicable,used by at least one instance,wfh-008 alphabet R + M01 as parsed + T01/T02 (ledgered transitive),not-applicable,see instance + wfh-008-validate.py output,specified-not-enforced,n/a,not-applicable,not-applicable,not-applicable,not-applicable,not-applicable,not-applicable,not-applicable,not-applicable,not-applicable,not-applicable,not-applicable,not-applicable
values.autonomy_tier.A1,Value,exercised,not-applicable,"R01,R02,R03,R04,R05,R06,M01,M02,M06,T01,T02",values.autonomy_tier.A1,none,not-applicable,used by at least one instance,wfh-008 alphabet R + M01 as parsed + T01/T02 (ledgered transitive),not-applicable,see instance + wfh-008-validate.py output,specified-not-enforced,n/a,not-applicable,not-applicable,not-applicable,not-applicable,not-applicable,not-applicable,not-applicable,not-applicable,not-applicable,not-applicable,not-applicable,not-applicable
values.autonomy_tier.A2,Value,exercised,not-applicable,"R01,R02,R03,R04,R05,R06,M01,M02,M06,T01,T02",values.autonomy_tier.A2,none,not-applicable,used by at least one instance,wfh-008 alphabet R + M01 as parsed + T01/T02 (ledgered transitive),not-applicable,see instance + wfh-008-validate.py output,specified-not-enforced,n/a,not-applicable,not-applicable,not-applicable,not-applicable,not-applicable,not-applicable,not-applicable,not-applicable,not-applicable,not-applicable,not-applicable,not-applicable
values.autonomy_tier.A3,Value,blocked-by-OPEN,PR-DELEGATION-ATTENUATION-COMPARISON,"R01,R02,R03,R04,R05,R06,M01,M02,M06,T01,T02",values.autonomy_tier.A3,none,not-applicable,NOT USED. No actor in wfh-008 held general local-adaptation latitude - every adaptation was gate-driven or owner-driven. status insufficient-evidence is unchanged by this case.,wfh-008 alphabet R + M01 as parsed + T01/T02 (ledgered transitive),not-applicable,see instance + wfh-008-validate.py output,not-applicable,"open.autonomy_A3_A4 still-open, gains nothing",model-defect,"I17 says a derived Delegation may not exceed its parent 'on any axis'. The checker decides two axes (autonomy_tier is ordinal; effect_grants is a set) and reports 20 derived Delegations UNDECIDABLE on escalation_conditions and resource_ceiling, because the model supplies no ordering for a text list or a heterogeneous map. open.delegation_attenuation names this.","PARTIALLY CHECKABLE - and the checkable half worked: it rejected a first-pass encoding that gave the leader's close grant graph-write its parent lacked, which was a genuine modelling error",not-applicable,not-applicable,not-applicable,not-applicable,not-applicable,yes,not-applicable,not-applicable,not-applicable
values.autonomy_tier.A4,Value,construct-pressure,PR-DELEGATION-ATTENUATION-COMPARISON,"R01,R02,R03,R04,R05,R06,M01,M02,M06,T01,T02",values.autonomy_tier.A4,DL-COORD-STANDING,1,USED by DL-COORD-STANDING despite the value carrying status insufficient-evidence in the model; the case adds one instance and no evidence about the tier boundary,wfh-008 alphabet R + M01 as parsed + T01/T02 (ledgered transitive),not-applicable,see instance + wfh-008-validate.py output,specified-not-enforced,open.autonomy_A3_A4 still-open,model-defect,"I17 says a derived Delegation may not exceed its parent 'on any axis'. The checker decides two axes (autonomy_tier is ordinal; effect_grants is a set) and reports 20 derived Delegations UNDECIDABLE on escalation_conditions and resource_ceiling, because the model supplies no ordering for a text list or a heterogeneous map. open.delegation_attenuation names this.","PARTIALLY CHECKABLE - and the checkable half worked: it rejected a first-pass encoding that gave the leader's close grant graph-write its parent lacked, which was a genuine modelling error",not-applicable,not-applicable,not-applicable,not-applicable,not-applicable,yes,not-applicable,not-applicable,not-applicable
values.autonomy_tier.A5,Value,not-applicable,not-applicable,"R01,R02,R03,R04,R05,R06,M01,M02,M06,T01,T02",values.autonomy_tier.A5,none,not-applicable,no historical occurrence in this directional case,wfh-008 alphabet R + M01 as parsed + T01/T02 (ledgered transitive),not-applicable,see instance + wfh-008-validate.py output,specified-not-enforced,missing-history,not-applicable,not-applicable,not-applicable,not-applicable,not-applicable,not-applicable,not-applicable,not-applicable,not-applicable,not-applicable,not-applicable,not-applicable
values.evidence_grade,Value,exercised,not-applicable,"R01,R02,R03,R04,R05,R06,M01,M02,M06,T01,T02",values.evidence_grade,none,not-applicable,4 members; status=RESOLVED,wfh-008 alphabet R + M01 as parsed + T01/T02 (ledgered transitive),not-applicable,see instance + wfh-008-validate.py output,specified-not-enforced,n/a,not-applicable,not-applicable,not-applicable,not-applicable,not-applicable,not-applicable,not-applicable,not-applicable,not-applicable,not-applicable,not-applicable,not-applicable
values.evidence_grade.rule,Value,exercised,not-applicable,"R01,R02,R03,R04,R05,R06,M01,M02,M06,T01,T02",values.evidence_grade.rule,none,not-applicable,proven requires evidence at the claim's altitude demonstrated by the organization,wfh-008 alphabet R + M01 as parsed + T01/T02 (ledgered transitive),not-applicable,see instance + wfh-008-validate.py output,specified-not-enforced,n/a,not-applicable,not-applicable,not-applicable,not-applicable,not-applicable,not-applicable,not-applicable,not-applicable,not-applicable,not-applicable,not-applicable,not-applicable
values.evidence_grade.missing,Value,exercised,not-applicable,"R01,R02,R03,R04,R05,R06,M01,M02,M06,T01,T02",values.evidence_grade.missing,none,not-applicable,used by at least one instance,wfh-008 alphabet R + M01 as parsed + T01/T02 (ledgered transitive),not-applicable,see instance + wfh-008-validate.py output,specified-not-enforced,n/a,not-applicable,not-applicable,not-applicable,not-applicable,not-applicable,not-applicable,not-applicable,not-applicable,not-applicable,not-applicable,not-applicable,not-applicable
values.evidence_grade.claimed,Value,exercised,not-applicable,"R01,R02,R03,R04,R05,R06,M01,M02,M06,T01,T02",values.evidence_grade.claimed,none,not-applicable,used by at least one instance,wfh-008 alphabet R + M01 as parsed + T01/T02 (ledgered transitive),not-applicable,see instance + wfh-008-validate.py output,specified-not-enforced,n/a,not-applicable,not-applicable,not-applicable,not-applicable,not-applicable,not-applicable,not-applicable,not-applicable,not-applicable,not-applicable,not-applicable,not-applicable
values.evidence_grade.partial,Value,exercised,PR-CAPABILITY-ABSENT,"R01,R02,R03,R04,R05,R06,M01,M02,M06,T01,T02",values.evidence_grade.partial,none,not-applicable,used by at least one instance,wfh-008 alphabet R + M01 as parsed + T01/T02 (ledgered transitive),not-applicable,see instance + wfh-008-validate.py output,specified-not-enforced,n/a,historical-evidence-gap; model-defect,"R01 states the capability target is 'proposed jurati-arch-002 - no Unimatrix capability id'. V5's Capability requires name, observable_behavior, scope_ref, done_when and grade. The alphabet supplies none of observable_behavior or done_when, and inventing them is forbidden. Capability also has no lifecycle_state field (Goal, Actor and Record all do) and no admissible 'proposed / not yet specified' state, so a Goal may name a capability target that the model cannot represent at all.","NOT REPRESENTABLE: zero Capability instances. I9, I13, I14, capability_classification, Capability.composed_of/prerequisite_of/delivered_by/enabled_by, Unit.delivers, Technology.enables and Goal.claim_floor are all VACUOUS in this case.",not-proposed,the only reason to invent an observable_behavior and a done_when here is to make V5 pass - the circular candidate the amendment forbids; see CF-REJECTED,not-applicable,not-applicable,not-applicable,no,not-applicable,not-applicable,"whether V5 needs a proposed/unspecified Capability state, or whether the project is right that a capability id is created only when a behavior is identified, is not decidable from one case"
values.evidence_grade.proven,Value,exercised,PR-CAPABILITY-ABSENT,"R01,R02,R03,R04,R05,R06,M01,M02,M06,T01,T02",values.evidence_grade.proven,none,not-applicable,used by at least one instance,wfh-008 alphabet R + M01 as parsed + T01/T02 (ledgered transitive),not-applicable,see instance + wfh-008-validate.py output,specified-not-enforced,n/a,historical-evidence-gap; model-defect,"R01 states the capability target is 'proposed jurati-arch-002 - no Unimatrix capability id'. V5's Capability requires name, observable_behavior, scope_ref, done_when and grade. The alphabet supplies none of observable_behavior or done_when, and inventing them is forbidden. Capability also has no lifecycle_state field (Goal, Actor and Record all do) and no admissible 'proposed / not yet specified' state, so a Goal may name a capability target that the model cannot represent at all.","NOT REPRESENTABLE: zero Capability instances. I9, I13, I14, capability_classification, Capability.composed_of/prerequisite_of/delivered_by/enabled_by, Unit.delivers, Technology.enables and Goal.claim_floor are all VACUOUS in this case.",not-proposed,the only reason to invent an observable_behavior and a done_when here is to make V5 pass - the circular candidate the amendment forbids; see CF-REJECTED,not-applicable,not-applicable,not-applicable,no,not-applicable,not-applicable,"whether V5 needs a proposed/unspecified Capability state, or whether the project is right that a capability id is created only when a behavior is identified, is not decidable from one case"
values.epistemic_kind,Value,exercised,not-applicable,"R01,R02,R03,R04,R05,R06,M01,M02,M06,T01,T02",values.epistemic_kind,none,not-applicable,5 members; status=OPEN,wfh-008 alphabet R + M01 as parsed + T01/T02 (ledgered transitive),not-applicable,see instance + wfh-008-validate.py output,specified-not-enforced,n/a,not-applicable,not-applicable,not-applicable,not-applicable,not-applicable,not-applicable,not-applicable,not-applicable,not-applicable,not-applicable,not-applicable,not-applicable
values.epistemic_kind.rule,Value,exercised,not-applicable,"R01,R02,R03,R04,R05,R06,M01,M02,M06,T01,T02",values.epistemic_kind.rule,none,not-applicable,"independent of Event type, significance, authority and carrier; decision is an Event type, never an epistemic kind",wfh-008 alphabet R + M01 as parsed + T01/T02 (ledgered transitive),not-applicable,see instance + wfh-008-validate.py output,specified-not-enforced,n/a,not-applicable,not-applicable,not-applicable,not-applicable,not-applicable,not-applicable,not-applicable,not-applicable,not-applicable,not-applicable,not-applicable,not-applicable
values.epistemic_kind.mechanical-observation,Value,exercised,not-applicable,"R01,R02,R03,R04,R05,R06,M01,M02,M06,T01,T02",values.epistemic_kind.mechanical-observation,none,not-applicable,used by at least one instance,wfh-008 alphabet R + M01 as parsed + T01/T02 (ledgered transitive),not-applicable,see instance + wfh-008-validate.py output,specified-not-enforced,n/a,not-applicable,not-applicable,not-applicable,not-applicable,not-applicable,not-applicable,not-applicable,not-applicable,not-applicable,not-applicable,not-applicable,not-applicable
values.epistemic_kind.reported-observation,Value,exercised,not-applicable,"R01,R02,R03,R04,R05,R06,M01,M02,M06,T01,T02",values.epistemic_kind.reported-observation,none,not-applicable,used by at least one instance,wfh-008 alphabet R + M01 as parsed + T01/T02 (ledgered transitive),not-applicable,see instance + wfh-008-validate.py output,specified-not-enforced,n/a,not-applicable,not-applicable,not-applicable,not-applicable,not-applicable,not-applicable,not-applicable,not-applicable,not-applicable,not-applicable,not-applicable,not-applicable
values.epistemic_kind.claim,Value,exercised,not-applicable,"R01,R02,R03,R04,R05,R06,M01,M02,M06,T01,T02",values.epistemic_kind.claim,none,not-applicable,used by at least one instance,wfh-008 alphabet R + M01 as parsed + T01/T02 (ledgered transitive),not-applicable,see instance + wfh-008-validate.py output,specified-not-enforced,n/a,not-applicable,not-applicable,not-applicable,not-applicable,not-applicable,not-applicable,not-applicable,not-applicable,not-applicable,not-applicable,not-applicable,not-applicable
values.epistemic_kind.inference,Value,exercised,not-applicable,"R01,R02,R03,R04,R05,R06,M01,M02,M06,T01,T02",values.epistemic_kind.inference,none,not-applicable,used by at least one instance,wfh-008 alphabet R + M01 as parsed + T01/T02 (ledgered transitive),not-applicable,see instance + wfh-008-validate.py output,specified-not-enforced,n/a,not-applicable,not-applicable,not-applicable,not-applicable,not-applicable,not-applicable,not-applicable,not-applicable,not-applicable,not-applicable,not-applicable,not-applicable
values.epistemic_kind.reviewed-finding,Value,exercised,not-applicable,"R01,R02,R03,R04,R05,R06,M01,M02,M06,T01,T02",values.epistemic_kind.reviewed-finding,none,not-applicable,used by at least one instance,wfh-008 alphabet R + M01 as parsed + T01/T02 (ledgered transitive),not-applicable,see instance + wfh-008-validate.py output,specified-not-enforced,n/a,not-applicable,not-applicable,not-applicable,not-applicable,not-applicable,not-applicable,not-applicable,not-applicable,not-applicable,not-applicable,not-applicable,not-applicable
values.significance,Value,exercised,not-applicable,"R01,R02,R03,R04,R05,R06,M01,M02,M06,T01,T02",values.significance,none,not-applicable,3 members; status=OPEN,wfh-008 alphabet R + M01 as parsed + T01/T02 (ledgered transitive),not-applicable,see instance + wfh-008-validate.py output,specified-not-enforced,n/a,not-applicable,not-applicable,not-applicable,not-applicable,not-applicable,not-applicable,not-applicable,not-applicable,not-applicable,not-applicable,not-applicable,not-applicable
values.significance.routine,Value,exercised,not-applicable,"R01,R02,R03,R04,R05,R06,M01,M02,M06,T01,T02",values.significance.routine,none,not-applicable,used by at least one instance,wfh-008 alphabet R + M01 as parsed + T01/T02 (ledgered transitive),not-applicable,see instance + wfh-008-validate.py output,specified-not-enforced,n/a,not-applicable,not-applicable,not-applicable,not-applicable,not-applicable,not-applicable,not-applicable,not-applicable,not-applicable,not-applicable,not-applicable,not-applicable
values.significance.exception,Value,exercised,not-applicable,"R01,R02,R03,R04,R05,R06,M01,M02,M06,T01,T02",values.significance.exception,none,not-applicable,used by at least one instance,wfh-008 alphabet R + M01 as parsed + T01/T02 (ledgered transitive),not-applicable,see instance + wfh-008-validate.py output,specified-not-enforced,n/a,not-applicable,not-applicable,not-applicable,not-applicable,not-applicable,not-applicable,not-applicable,not-applicable,not-applicable,not-applicable,not-applicable,not-applicable
values.significance.surprise,Value,exercised,not-applicable,"R01,R02,R03,R04,R05,R06,M01,M02,M06,T01,T02",values.significance.surprise,none,not-applicable,used by at least one instance,wfh-008 alphabet R + M01 as parsed + T01/T02 (ledgered transitive),not-applicable,see instance + wfh-008-validate.py output,specified-not-enforced,n/a,not-applicable,not-applicable,not-applicable,not-applicable,not-applicable,not-applicable,not-applicable,not-applicable,not-applicable,not-applicable,not-applicable,not-applicable
values.carrier,Value,exercised,not-applicable,"R01,R02,R03,R04,R05,R06,M01,M02,M06,T01,T02",values.carrier,none,not-applicable,3 members; status=OPEN,wfh-008 alphabet R + M01 as parsed + T01/T02 (ledgered transitive),not-applicable,see instance + wfh-008-validate.py output,specified-not-enforced,n/a,not-applicable,not-applicable,not-applicable,not-applicable,not-applicable,not-applicable,not-applicable,not-applicable,not-applicable,not-applicable,not-applicable,not-applicable
values.carrier.inline,Value,exercised,not-applicable,"R01,R02,R03,R04,R05,R06,M01,M02,M06,T01,T02",values.carrier.inline,none,not-applicable,used by at least one instance,wfh-008 alphabet R + M01 as parsed + T01/T02 (ledgered transitive),not-applicable,see instance + wfh-008-validate.py output,specified-not-enforced,n/a,not-applicable,not-applicable,not-applicable,not-applicable,not-applicable,not-applicable,not-applicable,not-applicable,not-applicable,not-applicable,not-applicable,not-applicable
values.carrier.record-ref,Value,exercised,not-applicable,"R01,R02,R03,R04,R05,R06,M01,M02,M06,T01,T02",values.carrier.record-ref,none,not-applicable,used by at least one instance,wfh-008 alphabet R + M01 as parsed + T01/T02 (ledgered transitive),not-applicable,see instance + wfh-008-validate.py output,specified-not-enforced,n/a,not-applicable,not-applicable,not-applicable,not-applicable,not-applicable,not-applicable,not-applicable,not-applicable,not-applicable,not-applicable,not-applicable,not-applicable
values.carrier.artifact-ref,Value,exercised,not-applicable,"R01,R02,R03,R04,R05,R06,M01,M02,M06,T01,T02",values.carrier.artifact-ref,none,not-applicable,used by at least one instance,wfh-008 alphabet R + M01 as parsed + T01/T02 (ledgered transitive),not-applicable,see instance + wfh-008-validate.py output,specified-not-enforced,n/a,not-applicable,not-applicable,not-applicable,not-applicable,not-applicable,not-applicable,not-applicable,not-applicable,not-applicable,not-applicable,not-applicable,not-applicable
values.currentness,Value,exercised,not-applicable,"R01,R02,R03,R04,R05,R06,M01,M02,M06,T01,T02",values.currentness,none,not-applicable,4 members; status=OPEN,wfh-008 alphabet R + M01 as parsed + T01/T02 (ledgered transitive),not-applicable,see instance + wfh-008-validate.py output,specified-not-enforced,n/a,not-applicable,not-applicable,not-applicable,not-applicable,not-applicable,not-applicable,not-applicable,not-applicable,not-applicable,not-applicable,not-applicable,not-applicable
values.currentness.current,Value,exercised,not-applicable,"R01,R02,R03,R04,R05,R06,M01,M02,M06,T01,T02",values.currentness.current,none,not-applicable,used by at least one instance,wfh-008 alphabet R + M01 as parsed + T01/T02 (ledgered transitive),not-applicable,see instance + wfh-008-validate.py output,specified-not-enforced,n/a,not-applicable,not-applicable,not-applicable,not-applicable,not-applicable,not-applicable,not-applicable,not-applicable,not-applicable,not-applicable,not-applicable,not-applicable
values.currentness.superseded,Value,exercised,not-applicable,"R01,R02,R03,R04,R05,R06,M01,M02,M06,T01,T02",values.currentness.superseded,none,not-applicable,used by at least one instance,wfh-008 alphabet R + M01 as parsed + T01/T02 (ledgered transitive),not-applicable,see instance + wfh-008-validate.py output,specified-not-enforced,n/a,not-applicable,not-applicable,not-applicable,not-applicable,not-applicable,not-applicable,not-applicable,not-applicable,not-applicable,not-applicable,not-applicable,not-applicable
values.currentness.stale,Value,not-applicable,not-applicable,"R01,R02,R03,R04,R05,R06,M01,M02,M06,T01,T02",values.currentness.stale,none,not-applicable,no historical occurrence in this directional case,wfh-008 alphabet R + M01 as parsed + T01/T02 (ledgered transitive),not-applicable,see instance + wfh-008-validate.py output,specified-not-enforced,missing-history,not-applicable,not-applicable,not-applicable,not-applicable,not-applicable,not-applicable,not-applicable,not-applicable,not-applicable,not-applicable,not-applicable,not-applicable
values.currentness.unknown,Value,exercised,not-applicable,"R01,R02,R03,R04,R05,R06,M01,M02,M06,T01,T02",values.currentness.unknown,none,not-applicable,used by at least one instance,wfh-008 alphabet R + M01 as parsed + T01/T02 (ledgered transitive),not-applicable,see instance + wfh-008-validate.py output,specified-not-enforced,n/a,not-applicable,not-applicable,not-applicable,not-applicable,not-applicable,not-applicable,not-applicable,not-applicable,not-applicable,not-applicable,not-applicable,not-applicable
values.coupling,Value,exercised,not-applicable,"R01,R02,R03,R04,R05,R06,M01,M02,M06,T01,T02",values.coupling,none,not-applicable,4 members; status=OPEN,wfh-008 alphabet R + M01 as parsed + T01/T02 (ledgered transitive),not-applicable,see instance + wfh-008-validate.py output,specified-not-enforced,n/a,not-applicable,not-applicable,not-applicable,not-applicable,not-applicable,not-applicable,not-applicable,not-applicable,not-applicable,not-applicable,not-applicable,not-applicable
values.coupling.atomic,Value,not-applicable,not-applicable,"R01,R02,R03,R04,R05,R06,M01,M02,M06,T01,T02",values.coupling.atomic,none,not-applicable,no historical occurrence in this directional case,wfh-008 alphabet R + M01 as parsed + T01/T02 (ledgered transitive),not-applicable,see instance + wfh-008-validate.py output,specified-not-enforced,missing-history,not-applicable,not-applicable,not-applicable,not-applicable,not-applicable,not-applicable,not-applicable,not-applicable,not-applicable,not-applicable,not-applicable,not-applicable
values.coupling.ordered-best-effort,Value,not-applicable,not-applicable,"R01,R02,R03,R04,R05,R06,M01,M02,M06,T01,T02",values.coupling.ordered-best-effort,none,not-applicable,no historical occurrence in this directional case,wfh-008 alphabet R + M01 as parsed + T01/T02 (ledgered transitive),not-applicable,see instance + wfh-008-validate.py output,specified-not-enforced,missing-history,not-applicable,not-applicable,not-applicable,not-applicable,not-applicable,not-applicable,not-applicable,not-applicable,not-applicable,not-applicable,not-applicable,not-applicable
values.coupling.reported,Value,not-applicable,not-applicable,"R01,R02,R03,R04,R05,R06,M01,M02,M06,T01,T02",values.coupling.reported,none,not-applicable,no historical occurrence in this directional case,wfh-008 alphabet R + M01 as parsed + T01/T02 (ledgered transitive),not-applicable,see instance + wfh-008-validate.py output,specified-not-enforced,missing-history,not-applicable,not-applicable,not-applicable,not-applicable,not-applicable,not-applicable,not-applicable,not-applicable,not-applicable,not-applicable,not-applicable,not-applicable
values.coupling.unknown,Value,exercised,not-applicable,"R01,R02,R03,R04,R05,R06,M01,M02,M06,T01,T02",values.coupling.unknown,none,not-applicable,used by at least one instance,wfh-008 alphabet R + M01 as parsed + T01/T02 (ledgered transitive),not-applicable,see instance + wfh-008-validate.py output,specified-not-enforced,n/a,not-applicable,not-applicable,not-applicable,not-applicable,not-applicable,not-applicable,not-applicable,not-applicable,not-applicable,not-applicable,not-applicable,not-applicable
values.effect_disposition,Value,exercised,not-applicable,"R01,R02,R03,R04,R05,R06,M01,M02,M06,T01,T02",values.effect_disposition,none,not-applicable,3 members; status=OPEN,wfh-008 alphabet R + M01 as parsed + T01/T02 (ledgered transitive),not-applicable,see instance + wfh-008-validate.py output,specified-not-enforced,n/a,not-applicable,not-applicable,not-applicable,not-applicable,not-applicable,not-applicable,not-applicable,not-applicable,not-applicable,not-applicable,not-applicable,not-applicable
values.effect_disposition.rule,Value,exercised,PR-ENFORCED-AUTHORITY-ABSENT,"R01,R02,R03,R04,R05,R06,M01,M02,M06,T01,T02",values.effect_disposition.rule,none,not-applicable,effect_disposition Events use this common vocabulary; gate outcomes instead use the pinned Gate version's allowed_outcomes,wfh-008 alphabet R + M01 as parsed + T01/T02 (ledgered transitive),not-applicable,see instance + wfh-008-validate.py output,specified-not-enforced,n/a,enforcement-gap,"I12's second clause says only an EffectBoundary disposition demonstrates enforced authority. The checker reports Delegation.enforced_by empty on 31 of 31 Delegations. The single refusal receipt in the case (EV-018/EV-019, five refused context_cycle calls) is a PAYLOAD-SHAPE refusal - the run's own disclosure confirms agent_id was present on all five - so it demonstrates schema enforcement, not authority. The garage's strongest custody claim, the single-writer curator rule, has no enforcement point: any actor may call context_store, and the server checks only that an identity string is present, not who sent it.","REPRESENTABLE AND EMPTY: the case demonstrates ZERO enforced authority. This is a correct and important negative, not a model failure.",not-proposed,making the curator rule enforced needs a credential boundary that does not exist and cannot be costed from the fixed alphabet; proposing it would be the build recommendation this scope forbids,not-applicable,not-applicable,not-applicable,yes,not-applicable,not-applicable,not-applicable
values.effect_disposition.performed,Value,not-applicable,not-applicable,"R01,R02,R03,R04,R05,R06,M01,M02,M06,T01,T02",values.effect_disposition.performed,none,not-applicable,no historical occurrence in this directional case,wfh-008 alphabet R + M01 as parsed + T01/T02 (ledgered transitive),not-applicable,see instance + wfh-008-validate.py output,specified-not-enforced,missing-history,not-applicable,not-applicable,not-applicable,not-applicable,not-applicable,not-applicable,not-applicable,not-applicable,not-applicable,not-applicable,not-applicable,not-applicable
values.effect_disposition.refused,Value,not-applicable,not-applicable,"R01,R02,R03,R04,R05,R06,M01,M02,M06,T01,T02",values.effect_disposition.refused,none,not-applicable,no historical occurrence in this directional case,wfh-008 alphabet R + M01 as parsed + T01/T02 (ledgered transitive),not-applicable,see instance + wfh-008-validate.py output,specified-not-enforced,missing-history,not-applicable,not-applicable,not-applicable,not-applicable,not-applicable,not-applicable,not-applicable,not-applicable,not-applicable,not-applicable,not-applicable,not-applicable
values.effect_disposition.unknown,Value,exercised,not-applicable,"R01,R02,R03,R04,R05,R06,M01,M02,M06,T01,T02",values.effect_disposition.unknown,none,not-applicable,used by at least one instance,wfh-008 alphabet R + M01 as parsed + T01/T02 (ledgered transitive),not-applicable,see instance + wfh-008-validate.py output,specified-not-enforced,n/a,not-applicable,not-applicable,not-applicable,not-applicable,not-applicable,not-applicable,not-applicable,not-applicable,not-applicable,not-applicable,not-applicable,not-applicable
invariant:I1,Invariant,construct-pressure,PR-BASELINE-REWRITE,"R01,R02,R03,R04,R05,R06,M01,M02,M06,T01,T02",invariant:I1,none,not-applicable,"RC-UNI-316 supersedes RC-UNI-312 with the deprecated version retained and the chain queryable (verified live 2026-08-29); RC-COV-R2 supersedes RC-COV-R1. BUT the git custody store rewrote ten commit identities, and RC-COV-R2 was amended in place twice.",wfh-008 alphabet R + M01 as parsed + T01/T02 (ledgered transitive),not-applicable,see instance + wfh-008-validate.py output,"specified-not-enforced: Unimatrix enforces the chain; git does not, and a rebase reissued every id with no supersession record",I1 HOLDS in one custody store and FAILS in the other; V5 cannot express which store an identity lives in,enforcement-gap; project-evolution-candidate,"MEASURED: a rebase reissued every wfh-008 commit id after the run closed - twelve spread author timestamps against ONE uniform committer timestamp (2026-08-28 14:20:37 -0400), author identity preserved, committer dug-21 <angryweed@gmail.com> applied uniformly, matching a reflog `rebase (finish)`; trees identical across every pair tested. wfh-010 W1 records the mismatch as differing 'displayed abbreviations'; that reading is wrong - they are different objects. No adaptation Event exists for the rewrite and git holds no supersession link from the new id to the old, whereas Unimatrix's context_correct reissues an id AND leaves a queryable chain. CORRECTION 1 (2026-08-29): an earlier version asserted the recorded baselines no longer resolve. RETRACTED - wfh-010's R08 ledger pins the post-rebase oids and all twelve are ancestors of main. CORRECTION 2 (2026-08-29): a follow-up asserted the pre-rebase ids survive on a branch PUBLISHED on origin. ALSO RETRACTED - that read a stale local remote-tracking ref as evidence about the remote; git ls-remote returns nine heads without it, git fetch --prune --dry-run reports it deleted, delete_branch_on_merge is true. Those ten ids resolve today only via this clone's local branch ref and via forge retention of the bare oid - two unprotected behaviours, not durability. The pressure survives at reduced weight.","REPRESENTABLE. baseline_ref is `text`, so any commit id conforms and no V5 rule was violated by the rewrite. The residue is narrow: `text` carries no integrity binding, and V5 cannot say whether a baseline's custody store preserves a supersession link.","see CF-01 - record baselines as git-tree oids alongside commit ids, and do not rebase a branch after a gate has ruled against it","STATED, NOT ARGUED: ten gate citations in the run's governance record resolve today only through two unprotected accidents - this clone's local branch ref and the forge answering for a bare oid contained by no branch. No published branch backs either. True with or without V5. Two earlier rationales are WITHDRAWN and named in the classification_evidence. Whether this residual is independently sufficient is W4's ruling, not the author's.","preserves everything; adds an identifier stable under the operation that reissued the existing one, and retains the original ids","one method commit plus, optionally, a dated errata note on the ten prose citations; no existing record is rewritten",.claude/skills/factory-git/SKILL.md; .claude/workflow/research-scope.md; product/factory/templates/scope.md,yes,yes,identical V5 shape; the pin survives a future rewrite,not-applicable
invariant:I2,Invariant,exercised,not-applicable,"R01,R02,R03,R04,R05,R06,M01,M02,M06,T01,T02",invariant:I2,none,not-applicable,"RC-RELEVANCE exists, is not admitted by any Event, and produced no consequence - the leader relayed it verbatim and did not act on it. RC-COV-R1 exists and is superseded. #316 exists, is admitted, and its grade never moved.",wfh-008 alphabet R + M01 as parsed + T01/T02 (ledgered transitive),not-applicable,see instance + wfh-008-validate.py output,specified-not-enforced,n/a,not-applicable,not-applicable,not-applicable,not-applicable,not-applicable,not-applicable,not-applicable,not-applicable,not-applicable,not-applicable,not-applicable,not-applicable
invariant:I3,Invariant,exercised,not-applicable,"R01,R02,R03,R04,R05,R06,M01,M02,M06,T01,T02",invariant:I3,none,not-applicable,"nine program-owned record_category entries each declare their own schema_extension, admission_rule, retrieval, lifecycle and correction; the knowledge-node and research-finding categories differ on every one of the five",wfh-008 alphabet R + M01 as parsed + T01/T02 (ledgered transitive),not-applicable,see instance + wfh-008-validate.py output,"specified-not-enforced: the categories are authored here, not configured anywhere",n/a,not-applicable,not-applicable,not-applicable,not-applicable,not-applicable,not-applicable,not-applicable,not-applicable,not-applicable,not-applicable,not-applicable,not-applicable
invariant:I4,Invariant,construct-pressure,PR-OBSERVATION-RAW-EVIDENCE,"R01,R02,R03,R04,R05,R06,M01,M02,M06,T01,T02",invariant:I4,none,not-applicable,EV-015 is the ONLY Event with a real raw_evidence_ref (a content-addressed git tree). EV-016 is an observation with epistemic_kind reported-observation. Every target-repository enumeration is encoded as a claim.,wfh-008 alphabet R + M01 as parsed + T01/T02 (ledgered transitive),not-applicable,see instance + wfh-008-validate.py output,"specified-not-enforced, but the required_extension makes the gap mechanically visible",I4 correctly refused to let authored summaries pass as measurements,historical-evidence-gap; project-evolution-candidate,"event_type observation requires raw_evidence_ref. wfh-008 retained NO raw command output for any enumeration against the target repository - only authored summaries. Under I4 those are claims, not observations. Exactly ONE Event in the instance (EV-015) carries a real raw_evidence_ref, and only because git objects are content-addressed and independently re-derivable.","REPRESENTABLE, AND V5 CLASSIFIES IT CORRECTLY - the model refused to let a summary pass as a measurement without anyone arguing about it. This is a positive result for I4.",see CF-04 - an audit writes its deciding command outputs to a sibling transcript and cites it,"the round-1 audit reported 38 example manifests, round 2 found 37 and could not attribute the phantom path; a retained transcript settles it in one line, and part of a rework allowance was spent on the question","raises the altitude from claim to reported-observation only; it does NOT move capture custody outside the reporting actor, and claiming otherwise would be laundering",one convention line plus repository size; risk that a transcript invites the belief a rule was enforced when it was only observed,.claude/workflow/research-scope.md; .claude/agents/factory/factory-validator.md; reports/ layout,yes,yes,raw_evidence_ref becomes real; V5 needs no change either way,not-applicable
invariant:I5,Invariant,exercised,not-applicable,"R01,R02,R03,R04,R05,R06,M01,M02,M06,T01,T02",invariant:I5,none,not-applicable,"EV-018/EV-019 (refusals) are separate immutable Events from EV-020 (the later success); no Event is edited. The four asserted-but-untrue defects were corrected by a new Unit (UN-CORRECTIONS), not by rewriting the audit Event.",wfh-008 alphabet R + M01 as parsed + T01/T02 (ledgered transitive),not-applicable,see instance + wfh-008-validate.py output,specified-not-enforced,n/a,not-applicable,not-applicable,not-applicable,not-applicable,not-applicable,not-applicable,not-applicable,not-applicable,not-applicable,not-applicable,not-applicable,not-applicable
invariant:I6,Invariant,exercised,not-applicable,"R01,R02,R03,R04,R05,R06,M01,M02,M06,T01,T02",invariant:I6,none,not-applicable,EV-013 (assessment) / EV-014 (gate_outcome) / EV-024 (the coordinator decision confirming it) / EV-023 (transition) / EV-017 (effect_request) / EV-018 (effect_disposition) / RC-COV-R2 (Record) are seven distinct objects with different actors and authorities over one gate,wfh-008 alphabet R + M01 as parsed + T01/T02 (ledgered transitive),not-applicable,see instance + wfh-008-validate.py output,specified-not-enforced,the strongest single positive result in the case,not-applicable,not-applicable,not-applicable,not-applicable,not-applicable,not-applicable,not-applicable,not-applicable,not-applicable,not-applicable,not-applicable,not-applicable
invariant:I7,Invariant,construct-pressure,PR-INDEPENDENCE-UNVERIFIABLE,"R01,R02,R03,R04,R05,R06,M01,M02,M06,T01,T02",invariant:I7,none,not-applicable,"GT-COVERAGE.independence_predicate is populated and the round-2 auditor DID fail closed on the leader's reading of predicate 6, running its own third sweep instead. But independence is asserted in prose only.",wfh-008 alphabet R + M01 as parsed + T01/T02 (ledgered transitive),not-applicable,see instance + wfh-008-validate.py output,"specified-not-enforced: no evidence in the alphabet can establish independence - one git author, one forge account",n/a,enforcement-gap,"Gate.independence_predicate and the assessment extension's independence_check are required text. Both are populated from the auditors' own headers. At the custody layer nothing distinguishes them: every wfh-008 commit carries the git author 'Claude Opus 4.8 <noreply@anthropic.com>', and all nine Issue comments - including the owner's decisions - are posted by the single GitHub account dug-21. I7 (gates fail closed when independence cannot be established) is therefore never mechanically evaluable in this case.",representable as an assertion; not verifiable by any evidence in the alphabet,not-applicable,not-applicable,not-applicable,not-applicable,not-applicable,yes,not-applicable,not-applicable,not-applicable
invariant:I8,Invariant,exercised,not-applicable,"R01,R02,R03,R04,R05,R06,M01,M02,M06,T01,T02",invariant:I8,none,not-applicable,RC-CYCLE.missing_or_unavailable_refs carries four permanent telemetry holes; RC-COV-R2 carries a ten-item gap register; RC-W6 records that its own gate enumeration is not closed. Nothing was backfilled.,wfh-008 alphabet R + M01 as parsed + T01/T02 (ledgered transitive),not-applicable,see instance + wfh-008-validate.py output,specified-not-enforced,the field missing_or_unavailable_refs is what makes this checkable rather than rhetorical,not-applicable,not-applicable,not-applicable,not-applicable,not-applicable,not-applicable,not-applicable,not-applicable,not-applicable,not-applicable,not-applicable,not-applicable
invariant:I9,Invariant,not-applicable,PR-CAPABILITY-ABSENT,"R01,R02,R03,R04,R05,R06,M01,M02,M06,T01,T02",invariant:I9,none,not-applicable,no Capability instance and no proven grade anywhere; TE-METAHARNESS stayed grade:claimed and GT-FIREWALL was never evaluated,wfh-008 alphabet R + M01 as parsed + T01/T02 (ledgered transitive),not-applicable,see instance + wfh-008-validate.py output,not-applicable,vacuous in this case,historical-evidence-gap; model-defect,"R01 states the capability target is 'proposed jurati-arch-002 - no Unimatrix capability id'. V5's Capability requires name, observable_behavior, scope_ref, done_when and grade. The alphabet supplies none of observable_behavior or done_when, and inventing them is forbidden. Capability also has no lifecycle_state field (Goal, Actor and Record all do) and no admissible 'proposed / not yet specified' state, so a Goal may name a capability target that the model cannot represent at all.","NOT REPRESENTABLE: zero Capability instances. I9, I13, I14, capability_classification, Capability.composed_of/prerequisite_of/delivered_by/enabled_by, Unit.delivers, Technology.enables and Goal.claim_floor are all VACUOUS in this case.",not-proposed,the only reason to invent an observable_behavior and a done_when here is to make V5 pass - the circular candidate the amendment forbids; see CF-REJECTED,not-applicable,not-applicable,not-applicable,no,not-applicable,not-applicable,"whether V5 needs a proposed/unspecified Capability state, or whether the project is right that a capability id is created only when a behavior is identified, is not decidable from one case"
invariant:I10,Invariant,exercised,PR-SKILL-NAME-COLLISION,"R01,R02,R03,R04,R05,R06,M01,M02,M06,T01,T02",invariant:I10,none,not-applicable,16 Skills held by 22 Actors; no Skill grants authority (every grant is a Delegation) and none is a Capability (there are none). SK-FIREWALL-ENFORCEMENT is named a competence and enforced by nothing.,wfh-008 alphabet R + M01 as parsed + T01/T02 (ledgered transitive),not-applicable,see instance + wfh-008-validate.py output,specified-not-enforced,"satisfied but weakly tested - the project has no Skill construct, so the Skills are lifted from role frontmatter",project-evolution-candidate; unresolved,"The Skill instances are lifted from the `capabilities:` frontmatter key in .claude/agents/factory/*.md. The project's word 'capabilities' denotes V5 Skill (competence), not V5 Capability (an observable behavior required by a Goal). I10 exists to keep these apart and the project's vocabulary runs them together.","representable; the collision is lexical, not structural",rename the agent frontmatter key from `capabilities:` to `skills:`,"the garage already maintains a separate Unimatrix `capability` category with a different meaning, and wfh-010 spent a workstream on exactly this conflation; the rename removes a real reader ambiguity in the repo regardless of V5","pure rename; no semantics, proof, authority or custody move","ten agent definition files, any tooling that reads the key, and the onboard skill; low but touches the method surface, so it is itself an adaptation Event",.claude/agents/factory/*.md; .claude/skills/factory-onboard/SKILL.md,yes,yes,identical V5 shape; the model gains nothing and the repository loses an ambiguity,whether the collision has ever caused a concrete error is not evidenced by this case
invariant:I11,Invariant,exercised,not-applicable,"R01,R02,R03,R04,R05,R06,M01,M02,M06,T01,T02",invariant:I11,none,not-applicable,TE-METAHARNESS.enables is empty and its grade stayed claimed across a correction that added substantial evidence; TE-RUFLO and TE-RETORT carry grade missing,wfh-008 alphabet R + M01 as parsed + T01/T02 (ledgered transitive),not-applicable,see instance + wfh-008-validate.py output,specified-not-enforced,satisfied vacuously on the Capability side,not-applicable,not-applicable,not-applicable,not-applicable,not-applicable,not-applicable,not-applicable,not-applicable,not-applicable,not-applicable,not-applicable,not-applicable
invariant:I12,Invariant,construct-pressure,PR-ENFORCED-AUTHORITY-ABSENT,"R01,R02,R03,R04,R05,R06,M01,M02,M06,T01,T02",invariant:I12,none,not-applicable,clause 1 WITNESSED: AC-GOALOWNER holds A0 with high evaluative influence while AC-GIT holds A0 with powerful repository effects - autonomy and effect authority are visibly independent. Clause 2 NOT WITNESSED: enforced_by is empty on 31/31 Delegations.,wfh-008 alphabet R + M01 as parsed + T01/T02 (ledgered transitive),not-applicable,see instance + wfh-008-validate.py output,specified-not-enforced,zero enforced authority in the case; the only refusal receipt is a schema refusal,enforcement-gap,"I12's second clause says only an EffectBoundary disposition demonstrates enforced authority. The checker reports Delegation.enforced_by empty on 31 of 31 Delegations. The single refusal receipt in the case (EV-018/EV-019, five refused context_cycle calls) is a PAYLOAD-SHAPE refusal - the run's own disclosure confirms agent_id was present on all five - so it demonstrates schema enforcement, not authority. The garage's strongest custody claim, the single-writer curator rule, has no enforcement point: any actor may call context_store, and the server checks only that an identity string is present, not who sent it.","REPRESENTABLE AND EMPTY: the case demonstrates ZERO enforced authority. This is a correct and important negative, not a model failure.",not-proposed,making the curator rule enforced needs a credential boundary that does not exist and cannot be costed from the fixed alphabet; proposing it would be the build recommendation this scope forbids,not-applicable,not-applicable,not-applicable,yes,not-applicable,not-applicable,not-applicable
invariant:I13,Invariant,not-applicable,PR-CAPABILITY-ABSENT,"R01,R02,R03,R04,R05,R06,M01,M02,M06,T01,T02",invariant:I13,none,not-applicable,zero Capability instances; the checker reports PASS vacuously,wfh-008 alphabet R + M01 as parsed + T01/T02 (ledgered transitive),not-applicable,see instance + wfh-008-validate.py output,not-applicable,vacuous,historical-evidence-gap; model-defect,"R01 states the capability target is 'proposed jurati-arch-002 - no Unimatrix capability id'. V5's Capability requires name, observable_behavior, scope_ref, done_when and grade. The alphabet supplies none of observable_behavior or done_when, and inventing them is forbidden. Capability also has no lifecycle_state field (Goal, Actor and Record all do) and no admissible 'proposed / not yet specified' state, so a Goal may name a capability target that the model cannot represent at all.","NOT REPRESENTABLE: zero Capability instances. I9, I13, I14, capability_classification, Capability.composed_of/prerequisite_of/delivered_by/enabled_by, Unit.delivers, Technology.enables and Goal.claim_floor are all VACUOUS in this case.",not-proposed,the only reason to invent an observable_behavior and a done_when here is to make V5 pass - the circular candidate the amendment forbids; see CF-REJECTED,not-applicable,not-applicable,not-applicable,no,not-applicable,not-applicable,"whether V5 needs a proposed/unspecified Capability state, or whether the project is right that a capability id is created only when a behavior is identified, is not decidable from one case"
invariant:I14,Invariant,not-applicable,PR-CAPABILITY-ABSENT,"R01,R02,R03,R04,R05,R06,M01,M02,M06,T01,T02",invariant:I14,none,not-applicable,zero Capability instances,wfh-008 alphabet R + M01 as parsed + T01/T02 (ledgered transitive),not-applicable,see instance + wfh-008-validate.py output,not-applicable,vacuous,historical-evidence-gap; model-defect,"R01 states the capability target is 'proposed jurati-arch-002 - no Unimatrix capability id'. V5's Capability requires name, observable_behavior, scope_ref, done_when and grade. The alphabet supplies none of observable_behavior or done_when, and inventing them is forbidden. Capability also has no lifecycle_state field (Goal, Actor and Record all do) and no admissible 'proposed / not yet specified' state, so a Goal may name a capability target that the model cannot represent at all.","NOT REPRESENTABLE: zero Capability instances. I9, I13, I14, capability_classification, Capability.composed_of/prerequisite_of/delivered_by/enabled_by, Unit.delivers, Technology.enables and Goal.claim_floor are all VACUOUS in this case.",not-proposed,the only reason to invent an observable_behavior and a done_when here is to make V5 pass - the circular candidate the amendment forbids; see CF-REJECTED,not-applicable,not-applicable,not-applicable,no,not-applicable,not-applicable,"whether V5 needs a proposed/unspecified Capability state, or whether the project is right that a capability id is created only when a behavior is identified, is not decidable from one case"
invariant:I15,Invariant,exercised,not-applicable,"R01,R02,R03,R04,R05,R06,M01,M02,M06,T01,T02",invariant:I15,none,not-applicable,"checker witnesses UN-RUN, UN-SCOPE, UN-W1, UN-W2, UN-W4, UN-W5, UN-W6, UN-W7 and UN-AUDIT-R2 with multiple Attempts each; UN-AUDIT-R2 has two Attempts against DIFFERENT baselines under one intended outcome",wfh-008 alphabet R + M01 as parsed + T01/T02 (ledgered transitive),not-applicable,see instance + wfh-008-validate.py output,mechanically checkable on instance data and checked,clean positive,not-applicable,not-applicable,not-applicable,not-applicable,not-applicable,not-applicable,not-applicable,not-applicable,not-applicable,not-applicable,not-applicable,not-applicable
invariant:I16,Invariant,exercised,not-applicable,"R01,R02,R03,R04,R05,R06,M01,M02,M06,T01,T02",invariant:I16,none,not-applicable,UN-CORRECTIONS is modelled as its own Unit rather than further Attempts of UN-W1/W2/W4/W6 precisely because its intended outcome differs; the checker confirms no two Units share an intended_outcome,wfh-008 alphabet R + M01 as parsed + T01/T02 (ledgered transitive),not-applicable,see instance + wfh-008-validate.py output,mechanically checkable and checked,clean positive,not-applicable,not-applicable,not-applicable,not-applicable,not-applicable,not-applicable,not-applicable,not-applicable,not-applicable,not-applicable,not-applicable,not-applicable
invariant:I17,Invariant,construct-pressure,PR-DELEGATION-ATTENUATION-COMPARISON,"R01,R02,R03,R04,R05,R06,M01,M02,M06,T01,T02",invariant:I17,none,not-applicable,"clause 1 CHECKED on two axes and it caught a real error - a first-pass encoding gave the leader's close grant graph-write its parent lacked, and the checker rejected it. Clause 2 (chain to a Scope root) PASSES for all 31 Delegations.",wfh-008 alphabet R + M01 as parsed + T01/T02 (ledgered transitive),not-applicable,see instance + wfh-008-validate.py output,partially mechanically checkable; UNDECIDABLE on escalation_conditions and resource_ceiling for 20 derived Delegations,"open.delegation_attenuation exercised, still-open",model-defect,"I17 says a derived Delegation may not exceed its parent 'on any axis'. The checker decides two axes (autonomy_tier is ordinal; effect_grants is a set) and reports 20 derived Delegations UNDECIDABLE on escalation_conditions and resource_ceiling, because the model supplies no ordering for a text list or a heterogeneous map. open.delegation_attenuation names this.","PARTIALLY CHECKABLE - and the checkable half worked: it rejected a first-pass encoding that gave the leader's close grant graph-write its parent lacked, which was a genuine modelling error",not-applicable,not-applicable,not-applicable,not-applicable,not-applicable,yes,not-applicable,not-applicable,not-applicable
invariant:I18,Invariant,construct-pressure,PR-METHOD-CUSTODY,"R01,R02,R03,R04,R05,R06,M01,M02,M06,T01,T02",invariant:I18,none,not-applicable,"the method surface was NOT edited during the run (no .claude commit on 2026-08-28) - a positive behavioral observation. But an npx install overwrote twelve method files the day before with no decision Event, and research-scope.md was last revised by an agent identity.",wfh-008 alphabet R + M01 as parsed + T01/T02 (ledgered transitive),not-applicable,see instance + wfh-008-validate.py output,"specified-not-enforced: no CODEOWNERS, no branch protection, no manifest","open.custody_enforcement exercised, still-open",enforcement-gap; project-evolution-candidate,"I18 requires Workflow/Gate/Delegation custody to sit outside the governed activity. All method definitions live in .claude/ inside the repository the governed agents write to; there is NO CODEOWNERS file and no branch-protection artifact in the tree. The most recent revision of research-scope.md (9d7806a, 2026-08-27) was authored by the agent identity 'Claude Opus 4.8' - the governed actor class edited its own governing definition. Separately, an npx install silently overwrote twelve method files on 2026-08-27 with no decision Event.","representable, and the instance records the custody as prose because there is nothing else to record; definition_custodian_ref is marked _approx on WF-RESEARCH-SCOPE",see CF-02 - a sha256 manifest over the method surface plus a drift check,"an evidenced integrity incident that nothing detected mechanically; the argument is about that incident, not about a data model","detects drift; explicitly does NOT establish custody, because the manifest is itself editable by the governed party (the #320 predicate applies to it)","one manifest, one hook, one protocol line; recurring regeneration on legitimate method change",.claude/settings.json; a new .claude/METHOD-MANIFEST.sha256; .claude/workflow/research-scope.md,yes,yes,detection improves; I18 remains UNSATISFIED in both forms - the evolution does not repair it,open.custody_enforcement says no common enforcement point exists; whether I18 is satisfiable inside a single repository at all is not decidable here
invariant:I19,Invariant,construct-pressure,PR-I19-BINDING-ALTITUDE,"R01,R02,R03,R04,R05,R06,M01,M02,M06,T01,T02",invariant:I19,none,not-applicable,"four program-owned registry extensions authored (unit_kind, record_category, effect_class, event_type); none weakens a common invariant and none moves semantics into free text - the unrecorded_change type exists precisely BECAUSE adaptation presupposes authorization",wfh-008 alphabet R + M01 as parsed + T01/T02 (ledgered transitive),not-applicable,see instance + wfh-008-validate.py output,specified-not-enforced,S6 unresolved: I19 is bound to Workflow alone while three of the four extension owners are not Workflow,model-defect,"I19 (program extensions may not weaken common invariants) is cited by Workflow ALONE, yet this instance registers program-owned extensions on unit_kind, record_category, effect_class and event_type - owned by Workflow, Scope, Scope and the registry respectively. Three of the four owners are not Workflow, so nothing binds I19 to them. Review finding S6 raised exactly this and it is unresolved in the pinned file.","representable; the extensions conform, and no per-construct binding required them to",not-applicable,not-applicable,not-applicable,not-applicable,not-applicable,yes,not-applicable,not-applicable,not-applicable
principle:small_core,Principle,exercised,PR-CAPABILITY-ABSENT,"R01,R02,R03,R04,R05,R06,M01,M02,M06,T01,T02",principle:small_core,none,not-applicable,"all seven core entities present except Capability, which is absent for evidence reasons, not modelling reasons",wfh-008 alphabet R + M01 as parsed + T01/T02 (ledgered transitive),not-applicable,see instance + wfh-008-validate.py output,n/a,the hypothesis survives this case on six of seven core entities,historical-evidence-gap; model-defect,"R01 states the capability target is 'proposed jurati-arch-002 - no Unimatrix capability id'. V5's Capability requires name, observable_behavior, scope_ref, done_when and grade. The alphabet supplies none of observable_behavior or done_when, and inventing them is forbidden. Capability also has no lifecycle_state field (Goal, Actor and Record all do) and no admissible 'proposed / not yet specified' state, so a Goal may name a capability target that the model cannot represent at all.","NOT REPRESENTABLE: zero Capability instances. I9, I13, I14, capability_classification, Capability.composed_of/prerequisite_of/delivered_by/enabled_by, Unit.delivers, Technology.enables and Goal.claim_floor are all VACUOUS in this case.",not-proposed,the only reason to invent an observable_behavior and a done_when here is to make V5 pass - the circular candidate the amendment forbids; see CF-REJECTED,not-applicable,not-applicable,not-applicable,no,not-applicable,not-applicable,"whether V5 needs a proposed/unspecified Capability state, or whether the project is right that a capability id is created only when a behavior is identified, is not decidable from one case"
principle:supporting_definitions,Principle,exercised,not-applicable,"R01,R02,R03,R04,R05,R06,M01,M02,M06,T01,T02",principle:supporting_definitions,none,not-applicable,all eight supporting definitions instantiated; EffectBoundary has exactly one instance and Technology three,wfh-008 alphabet R + M01 as parsed + T01/T02 (ledgered transitive),not-applicable,see instance + wfh-008-validate.py output,n/a,n/a,not-applicable,not-applicable,not-applicable,not-applicable,not-applicable,not-applicable,not-applicable,not-applicable,not-applicable,not-applicable,not-applicable,not-applicable
principle:extend_by_registration,Principle,exercised,not-applicable,"R01,R02,R03,R04,R05,R06,M01,M02,M06,T01,T02",principle:extend_by_registration,none,not-applicable,"four registries extended, zero new entities needed - including the unauthorized-change case, which the registry absorbed",wfh-008 alphabet R + M01 as parsed + T01/T02 (ledgered transitive),not-applicable,see instance + wfh-008-validate.py output,n/a,strong positive,not-applicable,not-applicable,not-applicable,not-applicable,not-applicable,not-applicable,not-applicable,not-applicable,not-applicable,not-applicable,not-applicable,not-applicable
principle:construct_admission_bar,Principle,exercised,not-applicable,"R01,R02,R03,R04,R05,R06,M01,M02,M06,T01,T02",principle:construct_admission_bar,none,not-applicable,no case behavior required a new construct; the closest call (unauthorized definition change) fitted a registered event type,wfh-008 alphabet R + M01 as parsed + T01/T02 (ledgered transitive),not-applicable,see instance + wfh-008-validate.py output,n/a,n/a,not-applicable,not-applicable,not-applicable,not-applicable,not-applicable,not-applicable,not-applicable,not-applicable,not-applicable,not-applicable,not-applicable,not-applicable
principle:separation_is_the_product,Principle,construct-pressure,PR-ENFORCED-AUTHORITY-ABSENT,"R01,R02,R03,R04,R05,R06,M01,M02,M06,T01,T02",principle:separation_is_the_product,none,not-applicable,"competence/capability, claim/observation, outcome/decision/consequence and record/effect all held. delivery/proof is UNTESTED (no Capability) and intent/enforcement FAILED on the evidence side - intent is everywhere, enforcement nowhere.",wfh-008 alphabet R + M01 as parsed + T01/T02 (ledgered transitive),not-applicable,see instance + wfh-008-validate.py output,specified-not-enforced,n/a,enforcement-gap,"I12's second clause says only an EffectBoundary disposition demonstrates enforced authority. The checker reports Delegation.enforced_by empty on 31 of 31 Delegations. The single refusal receipt in the case (EV-018/EV-019, five refused context_cycle calls) is a PAYLOAD-SHAPE refusal - the run's own disclosure confirms agent_id was present on all five - so it demonstrates schema enforcement, not authority. The garage's strongest custody claim, the single-writer curator rule, has no enforcement point: any actor may call context_store, and the server checks only that an identity string is present, not who sent it.","REPRESENTABLE AND EMPTY: the case demonstrates ZERO enforced authority. This is a correct and important negative, not a model failure.",not-proposed,making the curator rule enforced needs a credential boundary that does not exist and cannot be costed from the fixed alphabet; proposing it would be the build recommendation this scope forbids,not-applicable,not-applicable,not-applicable,yes,not-applicable,not-applicable,not-applicable
principle:authority_chain,Principle,exercised,not-applicable,"R01,R02,R03,R04,R05,R06,M01,M02,M06,T01,T02",principle:authority_chain,none,not-applicable,every Delegation traces to SC-COL's authority_root_ref AC-OWNER; checker PASS,wfh-008 alphabet R + M01 as parsed + T01/T02 (ledgered transitive),not-applicable,see instance + wfh-008-validate.py output,partially checkable,n/a,not-applicable,not-applicable,not-applicable,not-applicable,not-applicable,not-applicable,not-applicable,not-applicable,not-applicable,not-applicable,not-applicable,not-applicable
principle:program_ownership,Principle,exercised,not-applicable,"R01,R02,R03,R04,R05,R06,M01,M02,M06,T01,T02",principle:program_ownership,none,not-applicable,"the program owns nine record categories, eight unit kinds, five effect classes and the proof bar; the common model owns identity and invariants",wfh-008 alphabet R + M01 as parsed + T01/T02 (ledgered transitive),not-applicable,see instance + wfh-008-validate.py output,n/a,n/a,not-applicable,not-applicable,not-applicable,not-applicable,not-applicable,not-applicable,not-applicable,not-applicable,not-applicable,not-applicable,not-applicable,not-applicable
principle:method_custody,Principle,construct-pressure,PR-METHOD-CUSTODY,"R01,R02,R03,R04,R05,R06,M01,M02,M06,T01,T02",principle:method_custody,none,not-applicable,the principle is stated and the project does not implement it,wfh-008 alphabet R + M01 as parsed + T01/T02 (ledgered transitive),not-applicable,see instance + wfh-008-validate.py output,specified-not-enforced,n/a,enforcement-gap; project-evolution-candidate,"I18 requires Workflow/Gate/Delegation custody to sit outside the governed activity. All method definitions live in .claude/ inside the repository the governed agents write to; there is NO CODEOWNERS file and no branch-protection artifact in the tree. The most recent revision of research-scope.md (9d7806a, 2026-08-27) was authored by the agent identity 'Claude Opus 4.8' - the governed actor class edited its own governing definition. Separately, an npx install silently overwrote twelve method files on 2026-08-27 with no decision Event.","representable, and the instance records the custody as prose because there is nothing else to record; definition_custodian_ref is marked _approx on WF-RESEARCH-SCOPE",see CF-02 - a sha256 manifest over the method surface plus a drift check,"an evidenced integrity incident that nothing detected mechanically; the argument is about that incident, not about a data model","detects drift; explicitly does NOT establish custody, because the manifest is itself editable by the governed party (the #320 predicate applies to it)","one manifest, one hook, one protocol line; recurring regeneration on legitimate method change",.claude/settings.json; a new .claude/METHOD-MANIFEST.sha256; .claude/workflow/research-scope.md,yes,yes,detection improves; I18 remains UNSATISFIED in both forms - the evolution does not repair it,open.custody_enforcement says no common enforcement point exists; whether I18 is satisfiable inside a single repository at all is not decidable here
principle:inverse_relations,Principle,exercised,not-applicable,"R01,R02,R03,R04,R05,R06,M01,M02,M06,T01,T02",principle:inverse_relations,none,not-applicable,"24 declared inverses required mechanical closure in this instance - they are real constraints, not decoration. The withdrawn A3 back-pointers (Goal->Workflow, Actor->Attempt) were served by index instead, and both traversals ran.",wfh-008 alphabet R + M01 as parsed + T01/T02 (ledgered transitive),not-applicable,see instance + wfh-008-validate.py output,mechanically checkable and checked,the A3 withdrawal is vindicated by this case,not-applicable,not-applicable,not-applicable,not-applicable,not-applicable,not-applicable,not-applicable,not-applicable,not-applicable,not-applicable,not-applicable,not-applicable
notation:status,Notation,exercised,not-applicable,"R01,R02,R03,R04,R05,R06,M01,M02,M06,T01,T02",notation:status,none,not-applicable,"OPEN/RESOLVED read on every construct and consumed as test input, not as permission",wfh-008 alphabet R + M01 as parsed + T01/T02 (ledgered transitive),not-applicable,see instance + wfh-008-validate.py output,n/a,n/a,not-applicable,not-applicable,not-applicable,not-applicable,not-applicable,not-applicable,not-applicable,not-applicable,not-applicable,not-applicable,not-applicable,not-applicable
notation:identity,Notation,construct-pressure,PR-BASELINE-REWRITE,"R01,R02,R03,R04,R05,R06,M01,M02,M06,T01,T02",notation:identity,none,not-applicable,"ids are opaque in the instance. In the project they are NOT: a commit id is content-derived and was reissued, and Unimatrix reissues on correction.",wfh-008 alphabet R + M01 as parsed + T01/T02 (ledgered transitive),not-applicable,see instance + wfh-008-validate.py output,n/a,n/a,enforcement-gap; project-evolution-candidate,"MEASURED: a rebase reissued every wfh-008 commit id after the run closed - twelve spread author timestamps against ONE uniform committer timestamp (2026-08-28 14:20:37 -0400), author identity preserved, committer dug-21 <angryweed@gmail.com> applied uniformly, matching a reflog `rebase (finish)`; trees identical across every pair tested. wfh-010 W1 records the mismatch as differing 'displayed abbreviations'; that reading is wrong - they are different objects. No adaptation Event exists for the rewrite and git holds no supersession link from the new id to the old, whereas Unimatrix's context_correct reissues an id AND leaves a queryable chain. CORRECTION 1 (2026-08-29): an earlier version asserted the recorded baselines no longer resolve. RETRACTED - wfh-010's R08 ledger pins the post-rebase oids and all twelve are ancestors of main. CORRECTION 2 (2026-08-29): a follow-up asserted the pre-rebase ids survive on a branch PUBLISHED on origin. ALSO RETRACTED - that read a stale local remote-tracking ref as evidence about the remote; git ls-remote returns nine heads without it, git fetch --prune --dry-run reports it deleted, delete_branch_on_merge is true. Those ten ids resolve today only via this clone's local branch ref and via forge retention of the bare oid - two unprotected behaviours, not durability. The pressure survives at reduced weight.","REPRESENTABLE. baseline_ref is `text`, so any commit id conforms and no V5 rule was violated by the rewrite. The residue is narrow: `text` carries no integrity binding, and V5 cannot say whether a baseline's custody store preserves a supersession link.","see CF-01 - record baselines as git-tree oids alongside commit ids, and do not rebase a branch after a gate has ruled against it","STATED, NOT ARGUED: ten gate citations in the run's governance record resolve today only through two unprotected accidents - this clone's local branch ref and the forge answering for a bare oid contained by no branch. No published branch backs either. True with or without V5. Two earlier rationales are WITHDRAWN and named in the classification_evidence. Whether this residual is independently sufficient is W4's ruling, not the author's.","preserves everything; adds an identifier stable under the operation that reissued the existing one, and retains the original ids","one method commit plus, optionally, a dated errata note on the ten prose citations; no existing record is rewritten",.claude/skills/factory-git/SKILL.md; .claude/workflow/research-scope.md; product/factory/templates/scope.md,yes,yes,identical V5 shape; the pin survives a future rewrite,not-applicable
notation:versioned,Notation,exercised,not-applicable,"R01,R02,R03,R04,R05,R06,M01,M02,M06,T01,T02",notation:versioned,none,not-applicable,versioned:true constructs carry a version in the instance and versioned:false ones do not; the checker enforces both directions,wfh-008 alphabet R + M01 as parsed + T01/T02 (ledgered transitive),not-applicable,see instance + wfh-008-validate.py output,mechanically checkable and checked,n/a,not-applicable,not-applicable,not-applicable,not-applicable,not-applicable,not-applicable,not-applicable,not-applicable,not-applicable,not-applicable,not-applicable,not-applicable
notation:fields,Notation,exercised,PR-LIST-REQUIRED,"R01,R02,R03,R04,R05,R06,M01,M02,M06,T01,T02",notation:fields,none,not-applicable,all 15 constructs parsed under this notation with no ambiguity except the list<> case,wfh-008 alphabet R + M01 as parsed + T01/T02 (ledgered transitive),not-applicable,see instance + wfh-008-validate.py output,n/a,n/a,model-defect,"Goal.claim_floor is 'list<ref<Capability>>, required: true'. notation does not say whether `required` on a list type means 'key present' or 'non-empty'. The instance writes [] and a checker cannot decide whether that conforms.",ambiguous: encoded as an empty list; a rejecting counterexample cannot be constructed until the notation resolves,not-applicable,not-applicable,not-applicable,not-applicable,not-applicable,yes,not-applicable,not-applicable,not-applicable
notation:relations,Notation,exercised,not-applicable,"R01,R02,R03,R04,R05,R06,M01,M02,M06,T01,T02",notation:relations,none,not-applicable,name/target/cardinality/inverse/rule consumed mechanically,wfh-008 alphabet R + M01 as parsed + T01/T02 (ledgered transitive),not-applicable,see instance + wfh-008-validate.py output,n/a,n/a,not-applicable,not-applicable,not-applicable,not-applicable,not-applicable,not-applicable,not-applicable,not-applicable,not-applicable,not-applicable,not-applicable,not-applicable
notation:types,Notation,construct-pressure,PR-RECORD-DIGEST,"R01,R02,R03,R04,R05,R06,M01,M02,M06,T01,T02",notation:types,none,not-applicable,"text, timestamp, digest, bool, ref<X>, list<ref<X>>, enum[...] and map all exercised. `list` (bare) and `list<text>` appear in the model but are NOT in the declared type vocabulary.",wfh-008 alphabet R + M01 as parsed + T01/T02 (ledgered transitive),not-applicable,see instance + wfh-008-validate.py output,n/a,S3 also notes form/owner/extension_owner are undocumented in notation,model-defect; project-evolution-candidate,"Record.content_digest is a required digest. Eleven of the 22 Record instances cannot supply one: Unimatrix exposes no content digest through its read API, the forge exposes none for an Issue, and the cycle service exposes none. The overwritten skill state was never captured at all. Sentinels are written and every one is reported by the checker as MODEL-FORCED-APPROXIMATION.",HALF REPRESENTABLE: file-backed Records carry real sha256 values; every service-backed Record cannot.,expose a content digest on knowledge-node reads,"a digest is what lets a later reader prove a cited node is the node that was cited; the run's own goal-owner re-read #316-#319 and could verify ids, status and edges but not content - it says so explicitly",preserves; a digest adds verifiability and moves no authority,"a change to a service outside this repository, which this scope cannot cost and must not recommend building",the Unimatrix read API; out of this repository,partially,yes,Record.content_digest becomes satisfiable for knowledge nodes,"whether the model should relax content_digest to optional for externally-custodied Records, or the stores should expose one, is not decidable from one case"
excluded:0,Excluded,exercised,not-applicable,"R01,R02,R03,R04,R05,R06,M01,M02,M06,T01,T02",excluded:0,none,not-applicable,no Feature; the research domain has none. Negative test passes trivially and the software case (W2) is the real test.,wfh-008 alphabet R + M01 as parsed + T01/T02 (ledgered transitive),not-applicable,see instance + wfh-008-validate.py output,specified-not-enforced,negative test,not-applicable,not-applicable,not-applicable,not-applicable,not-applicable,not-applicable,not-applicable,not-applicable,not-applicable,not-applicable,not-applicable,not-applicable
excluded:1,Excluded,exercised,not-applicable,"R01,R02,R03,R04,R05,R06,M01,M02,M06,T01,T02",excluded:1,none,not-applicable,"no Qualification object; competence evidence would live on Actor.has_skill attributes, which are empty - the exclusion is not what makes them empty.",wfh-008 alphabet R + M01 as parsed + T01/T02 (ledgered transitive),not-applicable,see instance + wfh-008-validate.py output,specified-not-enforced,negative test,not-applicable,not-applicable,not-applicable,not-applicable,not-applicable,not-applicable,not-applicable,not-applicable,not-applicable,not-applicable,not-applicable,not-applicable
excluded:2,Excluded,exercised,not-applicable,"R01,R02,R03,R04,R05,R06,M01,M02,M06,T01,T02",excluded:2,none,not-applicable,"STRONGEST NEGATIVE TEST IN THE CASE. themes.md literally calls the coordinator block an ""authority envelope"", and wfh-010 W1 carried Envelope as candidate noun N7. It maps field-for-field onto DL-COORD-STANDING (autonomy_tier, effect_grants, resource_ceiling, escalation_conditions, definition_custodian_ref) with nothing left over. Envelope is NOT needed.",wfh-008 alphabet R + M01 as parsed + T01/T02 (ledgered transitive),not-applicable,see instance + wfh-008-validate.py output,specified-not-enforced,negative test,not-applicable,not-applicable,not-applicable,not-applicable,not-applicable,not-applicable,not-applicable,not-applicable,not-applicable,not-applicable,not-applicable,not-applicable
excluded:3,Excluded,exercised,not-applicable,"R01,R02,R03,R04,R05,R06,M01,M02,M06,T01,T02",excluded:3,none,not-applicable,authority reaches every Actor through SC-COL's root or a Delegation chain; no AuthorityBasis object was wanted.,wfh-008 alphabet R + M01 as parsed + T01/T02 (ledgered transitive),not-applicable,see instance + wfh-008-validate.py output,specified-not-enforced,negative test,not-applicable,not-applicable,not-applicable,not-applicable,not-applicable,not-applicable,not-applicable,not-applicable,not-applicable,not-applicable,not-applicable,not-applicable
excluded:4,Excluded,exercised,not-applicable,"R01,R02,R03,R04,R05,R06,M01,M02,M06,T01,T02",excluded:4,none,not-applicable,evidence is Records under GT-COVERAGE (assessment.evidence_set); no EvidenceItem needed.,wfh-008 alphabet R + M01 as parsed + T01/T02 (ledgered transitive),not-applicable,see instance + wfh-008-validate.py output,specified-not-enforced,negative test,not-applicable,not-applicable,not-applicable,not-applicable,not-applicable,not-applicable,not-applicable,not-applicable,not-applicable,not-applicable,not-applicable,not-applicable
excluded:5,Excluded,construct-pressure,PR-RECORD-INPLACE-OVERWRITE,"R01,R02,R03,R04,R05,R06,M01,M02,M06,T01,T02",excluded:5,none,not-applicable,"no RecordVersion object, and Record versions are carried as a version integer. But the historical versions exist only in git, whose ids were rewritten - so the exclusion is fine and the custody is not.",wfh-008 alphabet R + M01 as parsed + T01/T02 (ledgered transitive),not-applicable,see instance + wfh-008-validate.py output,specified-not-enforced,negative test,enforcement-gap,"I1 says history is superseded, never overwritten, and Record.supersedes says correction never overwrites history. RC-COV-R2 was AMENDED IN PLACE twice after publication (commit 2929599 modified reports/coverage-r2.md), and the findings Records were edited in place across three rework passes and one correction pass. No Record identity was reissued; the prior versions survive only in the git object store - whose own identities were later rewritten (PR-BASELINE-REWRITE). The run's honest practice of retaining the superseded verdict verbatim INSIDE the amended file is a convention, not a model or tool guarantee.","representable as a version increment; the model's supersession semantics are satisfied by narrative, not by the store",not-applicable,not-applicable,not-applicable,not-applicable,not-applicable,yes,not-applicable,not-applicable,not-applicable
excluded:6,Excluded,exercised,not-applicable,"R01,R02,R03,R04,R05,R06,M01,M02,M06,T01,T02",excluded:6,none,not-applicable,all seven appear only as Event types; the instance has no Signal/Decision/Transition/Assessment/Outcome/EffectRequest/EffectReceipt section and the checker confirms it.,wfh-008 alphabet R + M01 as parsed + T01/T02 (ledgered transitive),not-applicable,see instance + wfh-008-validate.py output,specified-not-enforced,negative test,not-applicable,not-applicable,not-applicable,not-applicable,not-applicable,not-applicable,not-applicable,not-applicable,not-applicable,not-applicable,not-applicable,not-applicable
excluded:7,Excluded,exercised,not-applicable,"R01,R02,R03,R04,R05,R06,M01,M02,M06,T01,T02",excluded:7,none,not-applicable,"EV-017 (request) and EV-018/019/020 (dispositions) are separate; one request produced five dispositions, which a merged event could not represent.",wfh-008 alphabet R + M01 as parsed + T01/T02 (ledgered transitive),not-applicable,see instance + wfh-008-validate.py output,specified-not-enforced,negative test,not-applicable,not-applicable,not-applicable,not-applicable,not-applicable,not-applicable,not-applicable,not-applicable,not-applicable,not-applicable,not-applicable,not-applicable
excluded:8,Excluded,exercised,not-applicable,"R01,R02,R03,R04,R05,R06,M01,M02,M06,T01,T02",excluded:8,none,not-applicable,"no organizational-level Capability kinds (no Capability at all); GO-WFH is a Goal and SC-PROG is its Scope, never conflated; Attempt is not a Unit subtype; lesson is not an Event type - #320 is a finding Record.",wfh-008 alphabet R + M01 as parsed + T01/T02 (ledgered transitive),not-applicable,see instance + wfh-008-validate.py output,specified-not-enforced,negative test,not-applicable,not-applicable,not-applicable,not-applicable,not-applicable,not-applicable,not-applicable,not-applicable,not-applicable,not-applicable,not-applicable,not-applicable
excluded:9,Excluded,exercised,not-applicable,"R01,R02,R03,R04,R05,R06,M01,M02,M06,T01,T02",excluded:9,none,not-applicable,"no universal lifecycle imposed: Unit states are Workflow-owned, Record lifecycle is Category-owned, and the registries stay open.",wfh-008 alphabet R + M01 as parsed + T01/T02 (ledgered transitive),not-applicable,see instance + wfh-008-validate.py output,specified-not-enforced,negative test,not-applicable,not-applicable,not-applicable,not-applicable,not-applicable,not-applicable,not-applicable,not-applicable,not-applicable,not-applicable,not-applicable,not-applicable
excluded:10,Excluded,exercised,not-applicable,"R01,R02,R03,R04,R05,R06,M01,M02,M06,T01,T02",excluded:10,none,not-applicable,A0 goal-owner has evaluative weight and no effect authority; A0 git has powerful effects and no judgment. Autonomy is neither authority nor evidence strength.,wfh-008 alphabet R + M01 as parsed + T01/T02 (ledgered transitive),not-applicable,see instance + wfh-008-validate.py output,specified-not-enforced,negative test,not-applicable,not-applicable,not-applicable,not-applicable,not-applicable,not-applicable,not-applicable,not-applicable,not-applicable,not-applicable,not-applicable,not-applicable
open:delegation_attenuation,Open,construct-pressure,PR-DELEGATION-ATTENUATION-COMPARISON,"R01,R02,R03,R04,R05,R06,M01,M02,M06,T01,T02",open:delegation_attenuation,none,not-applicable,20 derived Delegations undecidable on non-numeric axes,wfh-008 alphabet R + M01 as parsed + T01/T02 (ledgered transitive),not-applicable,see instance + wfh-008-validate.py output,not-applicable,still-open,model-defect,"I17 says a derived Delegation may not exceed its parent 'on any axis'. The checker decides two axes (autonomy_tier is ordinal; effect_grants is a set) and reports 20 derived Delegations UNDECIDABLE on escalation_conditions and resource_ceiling, because the model supplies no ordering for a text list or a heterogeneous map. open.delegation_attenuation names this.","PARTIALLY CHECKABLE - and the checkable half worked: it rejected a first-pass encoding that gave the leader's close grant graph-write its parent lacked, which was a genuine modelling error",not-applicable,not-applicable,not-applicable,not-applicable,not-applicable,yes,not-applicable,not-applicable,not-applicable
open:workflow_promotion,Open,exercised,not-applicable,"R01,R02,R03,R04,R05,R06,M01,M02,M06,T01,T02",open:workflow_promotion,none,not-applicable,WF-RESEARCH-SCOPE was needed and instantiated in full from a real protocol file; every Unit follows it,wfh-008 alphabet R + M01 as parsed + T01/T02 (ledgered transitive),not-applicable,see instance + wfh-008-validate.py output,not-applicable,still-open (one case is not adjudication),not-applicable,not-applicable,not-applicable,not-applicable,not-applicable,not-applicable,not-applicable,not-applicable,not-applicable,not-applicable,not-applicable,not-applicable
open:custody_enforcement,Open,construct-pressure,PR-METHOD-CUSTODY,"R01,R02,R03,R04,R05,R06,M01,M02,M06,T01,T02",open:custody_enforcement,none,not-applicable,"no enforcement point exists in this project; measured, not assumed",wfh-008 alphabet R + M01 as parsed + T01/T02 (ledgered transitive),not-applicable,see instance + wfh-008-validate.py output,not-applicable,still-open,enforcement-gap; project-evolution-candidate,"I18 requires Workflow/Gate/Delegation custody to sit outside the governed activity. All method definitions live in .claude/ inside the repository the governed agents write to; there is NO CODEOWNERS file and no branch-protection artifact in the tree. The most recent revision of research-scope.md (9d7806a, 2026-08-27) was authored by the agent identity 'Claude Opus 4.8' - the governed actor class edited its own governing definition. Separately, an npx install silently overwrote twelve method files on 2026-08-27 with no decision Event.","representable, and the instance records the custody as prose because there is nothing else to record; definition_custodian_ref is marked _approx on WF-RESEARCH-SCOPE",see CF-02 - a sha256 manifest over the method surface plus a drift check,"an evidenced integrity incident that nothing detected mechanically; the argument is about that incident, not about a data model","detects drift; explicitly does NOT establish custody, because the manifest is itself editable by the governed party (the #320 predicate applies to it)","one manifest, one hook, one protocol line; recurring regeneration on legitimate method change",.claude/settings.json; a new .claude/METHOD-MANIFEST.sha256; .claude/workflow/research-scope.md,yes,yes,detection improves; I18 remains UNSATISFIED in both forms - the evolution does not repair it,open.custody_enforcement says no common enforcement point exists; whether I18 is satisfiable inside a single repository at all is not decidable here
open:event_identity_threshold,Open,construct-pressure,PR-EVENT-IDENTITY-THRESHOLD,"R01,R02,R03,R04,R05,R06,M01,M02,M06,T01,T02",open:event_identity_threshold,none,not-applicable,EV-004 is durable:always and its designated carrier never recorded it,wfh-008 alphabet R + M01 as parsed + T01/T02 (ledgered transitive),not-applicable,see instance + wfh-008-validate.py output,not-applicable,still-open,historical-evidence-gap; enforcement-gap,Event identity is required 'when consequential or acknowledgement/replay/audit matters'. EV-004 (scope -> tech-discovery) is a durable:always transition whose cycle event NEVER REACHED Unimatrix; it is attested only by an Issue comment. All phase boundaries for the scope phase and the first tech-discovery pass are permanently missing and were deliberately not backfilled. open.event_identity_threshold is exercised as a live hole.,"representable; the Events exist in the instance because the Issue attests them, and the model cannot mark an Event as 'occurred but unrecorded by its designated carrier'",not-applicable,not-applicable,not-applicable,not-applicable,not-applicable,yes,not-applicable,not-applicable,not-applicable
open:gate_identity,Open,construct-pressure,PR-GATE-IDENTITY-VERSION,"R01,R02,R03,R04,R05,R06,M01,M02,M06,T01,T02",open:gate_identity,none,not-applicable,GT-COVERAGE has no independent identity or version in the project; gate_version_ref is unresolvable,wfh-008 alphabet R + M01 as parsed + T01/T02 (ledgered transitive),not-applicable,see instance + wfh-008-validate.py output,not-applicable,still-open,historical-evidence-gap; model-defect,"The assessment event type requires gate_version_ref. The historical gate has no independent identity or version - it is a paragraph in a protocol file. The instance pins 'GT-COVERAGE@v1 (git:.claude/workflow/research-scope.md)', which the checker cannot resolve to a versioned Gate object, so the gate_outcome vocabulary resolution degrades to a WARN. open.gate_identity names this.",representable only by inventing a version label for a rule that has none,not-applicable,not-applicable,not-applicable,not-applicable,not-applicable,yes,not-applicable,not-applicable,not-applicable
open:skill_catalog,Open,construct-pressure,PR-SKILL-EVIDENCE-ABSENT,"R01,R02,R03,R04,R05,R06,M01,M02,M06,T01,T02",open:skill_catalog,none,not-applicable,a 16-member collective catalog is authored here from role frontmatter; the project has no Skill construct and no repository-local binding was needed,wfh-008 alphabet R + M01 as parsed + T01/T02 (ledgered transitive),not-applicable,see instance + wfh-008-validate.py output,not-applicable,still-open,historical-evidence-gap,"Actor.has_skill declares attributes [evidence_refs, grade, currentness, expires_at]. Not one of the four is populated for any of the 22 Actor-Skill pairs in the instance: agents are assigned by type, never by evidenced competence. SK-BUDGET-CONTROL is the sharpest case - the run failed on credit exhaustion while the Skill carried no grade and no expiry.","structurally representable, evidentially empty",not-applicable,not-applicable,not-applicable,not-applicable,not-applicable,yes,not-applicable,not-applicable,not-applicable
open:lesson_vs_pattern,Open,construct-pressure,PR-LESSON-VS-PATTERN,"R01,R02,R03,R04,R05,R06,M01,M02,M06,T01,T02",open:lesson_vs_pattern,none,not-applicable,"#320 filed as a finding, not a lesson-learned; one weak data point against a distinct category",wfh-008 alphabet R + M01 as parsed + T01/T02 (ledgered transitive),not-applicable,see instance + wfh-008-validate.py output,not-applicable,still-open,historical-evidence-gap,"open.lesson_vs_pattern asks for a behavioral distinction. wfh-008's most reusable method rule - the custody predicate - was filed as a `finding` (#320), not as a lesson-learned, with no separate admission or retrieval behavior. That is one data point AGAINST a behaviorally distinct lesson category and it is weak: nobody tried the alternative.",representable; the case exercises the question and does not settle it,not-applicable,not-applicable,not-applicable,not-applicable,not-applicable,yes,not-applicable,not-applicable,not-applicable
open:collective_boundary,Open,blocked-by-OPEN,not-applicable,"R01,R02,R03,R04,R05,R06,M01,M02,M06,T01,T02",open:collective_boundary,none,not-applicable,SC-COL has an authority root and no membership; succession never arose,wfh-008 alphabet R + M01 as parsed + T01/T02 (ledgered transitive),not-applicable,see instance + wfh-008-validate.py output,not-applicable,not-exercised,not-applicable,not-applicable,not-applicable,not-applicable,not-applicable,not-applicable,not-applicable,not-applicable,not-applicable,not-applicable,not-applicable,not-applicable
open:autonomy_A3_A4,Open,construct-pressure,PR-DELEGATION-ATTENUATION-COMPARISON,"R01,R02,R03,R04,R05,R06,M01,M02,M06,T01,T02",open:autonomy_A3_A4,none,not-applicable,"A4 is USED (DL-COORD-STANDING) despite carrying status insufficient-evidence; A3 is NOT used - no actor in the case held general local-adaptation latitude, since every adaptation was gate-driven or owner-driven",wfh-008 alphabet R + M01 as parsed + T01/T02 (ledgered transitive),not-applicable,see instance + wfh-008-validate.py output,not-applicable,"still-open: A4 gains one instance, A3 gains none",model-defect,"I17 says a derived Delegation may not exceed its parent 'on any axis'. The checker decides two axes (autonomy_tier is ordinal; effect_grants is a set) and reports 20 derived Delegations UNDECIDABLE on escalation_conditions and resource_ceiling, because the model supplies no ordering for a text list or a heterogeneous map. open.delegation_attenuation names this.","PARTIALLY CHECKABLE - and the checkable half worked: it rejected a first-pass encoding that gave the leader's close grant graph-write its parent lacked, which was a genuine modelling error",not-applicable,not-applicable,not-applicable,not-applicable,not-applicable,yes,not-applicable,not-applicable,not-applicable
open:capability_rollup,Open,not-applicable,PR-CAPABILITY-ABSENT,"R01,R02,R03,R04,R05,R06,M01,M02,M06,T01,T02",open:capability_rollup,none,not-applicable,zero Capability instances,wfh-008 alphabet R + M01 as parsed + T01/T02 (ledgered transitive),not-applicable,see instance + wfh-008-validate.py output,not-applicable,not-exercised,historical-evidence-gap; model-defect,"R01 states the capability target is 'proposed jurati-arch-002 - no Unimatrix capability id'. V5's Capability requires name, observable_behavior, scope_ref, done_when and grade. The alphabet supplies none of observable_behavior or done_when, and inventing them is forbidden. Capability also has no lifecycle_state field (Goal, Actor and Record all do) and no admissible 'proposed / not yet specified' state, so a Goal may name a capability target that the model cannot represent at all.","NOT REPRESENTABLE: zero Capability instances. I9, I13, I14, capability_classification, Capability.composed_of/prerequisite_of/delivered_by/enabled_by, Unit.delivers, Technology.enables and Goal.claim_floor are all VACUOUS in this case.",not-proposed,the only reason to invent an observable_behavior and a done_when here is to make V5 pass - the circular candidate the amendment forbids; see CF-REJECTED,not-applicable,not-applicable,not-applicable,no,not-applicable,not-applicable,"whether V5 needs a proposed/unspecified Capability state, or whether the project is right that a capability id is created only when a behavior is identified, is not decidable from one case"
open:semantic_compression,Open,construct-pressure,not-applicable,"R01,R02,R03,R04,R05,R06,M01,M02,M06,T01,T02",open:semantic_compression,none,not-applicable,"one research case encoded with 191 objects, six of seven core entities and zero new common constructs; that is directional evidence for compression on ONE domain and proves nothing general",wfh-008 alphabet R + M01 as parsed + T01/T02 (ledgered transitive),not-applicable,see instance + wfh-008-validate.py output,not-applicable,still-open,not-applicable,not-applicable,not-applicable,not-applicable,not-applicable,not-applicable,not-applicable,not-applicable,not-applicable,not-applicable,not-applicable,not-applicable
review-concern:S1,Review-concern,exercised,not-applicable,"R01,R02,R03,R04,R05,R06,M01,M02,M06,T01,T02",review-concern:S1,none,not-applicable,independently re-verified: sha256 matches the pin; PyYAML returns all six formerly split scalars complete; a stray-key scan finds none. A0 parses with its non-initiating clause and A5 with its reserved-authority clause.,wfh-008 alphabet R + M01 as parsed + T01/T02 (ledgered transitive),not-applicable,see instance + wfh-008-validate.py output,n/a,CLOSED for this digest,not-applicable,not-applicable,not-applicable,not-applicable,not-applicable,not-applicable,not-applicable,not-applicable,not-applicable,not-applicable,not-applicable,not-applicable
review-concern:S2,Review-concern,construct-pressure,not-applicable,"R01,R02,R03,R04,R05,R06,M01,M02,M06,T01,T02",review-concern:S2,none,not-applicable,"Gate.evaluates declares the dotted inverse `Unit.gated_by`. The checker had to special-case it and reports four NOTEs. It works, but only because a bespoke resolver understands the qualified form.",wfh-008 alphabet R + M01 as parsed + T01/T02 (ledgered transitive),not-applicable,see instance + wfh-008-validate.py output,specified-not-enforced,still-open,not-applicable,not-applicable,not-applicable,not-applicable,not-applicable,not-applicable,not-applicable,not-applicable,not-applicable,not-applicable,not-applicable,not-applicable
review-concern:S3,Review-concern,construct-pressure,PR-RECORD-DIGEST,"R01,R02,R03,R04,R05,R06,M01,M02,M06,T01,T02",review-concern:S3,none,not-applicable,"form, owner and extension_owner were consumed by the checker despite being absent from notation; so were the bare `list` and `list<text>` types",wfh-008 alphabet R + M01 as parsed + T01/T02 (ledgered transitive),not-applicable,see instance + wfh-008-validate.py output,n/a,still-open,model-defect; project-evolution-candidate,"Record.content_digest is a required digest. Eleven of the 22 Record instances cannot supply one: Unimatrix exposes no content digest through its read API, the forge exposes none for an Issue, and the cycle service exposes none. The overwritten skill state was never captured at all. Sentinels are written and every one is reported by the checker as MODEL-FORCED-APPROXIMATION.",HALF REPRESENTABLE: file-backed Records carry real sha256 values; every service-backed Record cannot.,expose a content digest on knowledge-node reads,"a digest is what lets a later reader prove a cited node is the node that was cited; the run's own goal-owner re-read #316-#319 and could verify ids, status and edges but not content - it says so explicitly",preserves; a digest adds verifiability and moves no authority,"a change to a service outside this repository, which this scope cannot cost and must not recommend building",the Unimatrix read API; out of this repository,partially,yes,Record.content_digest becomes satisfiable for knowledge nodes,"whether the model should relax content_digest to optional for externally-custodied Records, or the stores should expose one, is not decidable from one case"
review-concern:S4,Review-concern,construct-pressure,not-applicable,"R01,R02,R03,R04,R05,R06,M01,M02,M06,T01,T02",review-concern:S4,none,not-applicable,"I1, I4, I5, I12, I15, I17 and I18 each split into independently-failing clauses in this case: I1 holds in one store and fails in another; I12 clause 1 is witnessed and clause 2 is not; I17 clause 2 passes while clause 1 is only half-decidable; I18 has a positive behavioral observation and a negative enforcement result. A single per-invariant verdict is not expressible.",wfh-008 alphabet R + M01 as parsed + T01/T02 (ledgered transitive),not-applicable,see instance + wfh-008-validate.py output,partially checkable,"still-open, and the case supplies concrete evidence FOR the split",not-applicable,not-applicable,not-applicable,not-applicable,not-applicable,not-applicable,not-applicable,not-applicable,not-applicable,not-applicable,not-applicable,not-applicable
review-concern:S5,Review-concern,not-applicable,not-applicable,"R01,R02,R03,R04,R05,R06,M01,M02,M06,T01,T02",review-concern:S5,none,not-applicable,"no historical mixed Delegation exists: standing grants name a Role and no Unit (DL-COORD-STANDING, DL-CUR-STANDING, DL-RESEARCHER-STANDING, DL-RESEARCH-LEADER-STANDING, DL-GOALOWNER-STANDING) and dynamic grants name an Actor and a Unit. The ambiguity is latent, not exercised.",wfh-008 alphabet R + M01 as parsed + T01/T02 (ledgered transitive),not-applicable,see instance + wfh-008-validate.py output,n/a,"still-open, not exercised",not-applicable,not-applicable,not-applicable,not-applicable,not-applicable,not-applicable,not-applicable,not-applicable,not-applicable,not-applicable,not-applicable,not-applicable
review-concern:S6,Review-concern,construct-pressure,PR-I19-BINDING-ALTITUDE,"R01,R02,R03,R04,R05,R06,M01,M02,M06,T01,T02",review-concern:S6,none,not-applicable,"three of the four program-owned registry extensions authored here have owners that are not Workflow, and I19 is cited by Workflow alone",wfh-008 alphabet R + M01 as parsed + T01/T02 (ledgered transitive),not-applicable,see instance + wfh-008-validate.py output,n/a,still-open,model-defect,"I19 (program extensions may not weaken common invariants) is cited by Workflow ALONE, yet this instance registers program-owned extensions on unit_kind, record_category, effect_class and event_type - owned by Workflow, Scope, Scope and the registry respectively. Three of the four owners are not Workflow, so nothing binds I19 to them. Review finding S6 raised exactly this and it is unresolved in the pinned file.","representable; the extensions conform, and no per-construct binding required them to",not-applicable,not-applicable,not-applicable,not-applicable,not-applicable,yes,not-applicable,not-applicable,not-applicable
review-concern:S7,Review-concern,exercised,not-applicable,"R01,R02,R03,R04,R05,R06,M01,M02,M06,T01,T02",review-concern:S7,none,not-applicable,"Role.receives declares inverse grantee while Actor.receives declares none. The instance populates both; the checker closes only the declared side, so AC-* receives lists were authored by hand and RO-* were closed mechanically. Asymmetric handling is visible in the artifact.",wfh-008 alphabet R + M01 as parsed + T01/T02 (ledgered transitive),not-applicable,see instance + wfh-008-validate.py output,n/a,still-open,not-applicable,not-applicable,not-applicable,not-applicable,not-applicable,not-applicable,not-applicable,not-applicable,not-applicable,not-applicable,not-applicable,not-applicable
review-concern:S8,Review-concern,not-applicable,not-applicable,"R01,R02,R03,R04,R05,R06,M01,M02,M06,T01,T02",review-concern:S8,none,not-applicable,"superseded-marker hygiene across the five model files is a repository question about M01's siblings, not an instance question",wfh-008 alphabet R + M01 as parsed + T01/T02 (ledgered transitive),not-applicable,see instance + wfh-008-validate.py output,n/a,not exercised by this case,not-applicable,not-applicable,not-applicable,not-applicable,not-applicable,not-applicable,not-applicable,not-applicable,not-applicable,not-applicable,not-applicable,not-applicable
traversal:Goal->Workflow,Traversal,exercised,not-applicable,"R01,R02,R03,R04,R05,R06,M01,M02,M06,T01,T02",traversal:Goal->Workflow,none,not-applicable,checker output: GO-WFH -> [WF-RESEARCH-SCOPE]; GO-JURATI-SUBSTRATE -> [WF-RESEARCH-SCOPE]. Served by filtering Workflow.applies_to; no inverse relation added.,wfh-008 alphabet R + M01 as parsed + T01/T02 (ledgered transitive),not-applicable,see instance + wfh-008-validate.py output,mechanically checkable and checked,the A3 withdrawal holds,not-applicable,not-applicable,not-applicable,not-applicable,not-applicable,not-applicable,not-applicable,not-applicable,not-applicable,not-applicable,not-applicable,not-applicable
traversal:Actor->Attempt,Traversal,exercised,not-applicable,"R01,R02,R03,R04,R05,R06,M01,M02,M06,T01,T02",traversal:Actor->Attempt,none,not-applicable,"checker output: 19 Actors resolve to their Attempts by filtering Attempt.actors; AC-RWK-P2A -> [AT-W1-3, AT-W2-3]; AC-CUR -> [AT-SYNTH-1, AT-CLOSE-1]. No inverse relation added and no global scan beyond the Attempt collection.",wfh-008 alphabet R + M01 as parsed + T01/T02 (ledgered transitive),not-applicable,see instance + wfh-008-validate.py output,mechanically checkable and checked,the A3 withdrawal holds,not-applicable,not-applicable,not-applicable,not-applicable,not-applicable,not-applicable,not-applicable,not-applicable,not-applicable,not-applicable,not-applicable,not-applicable
changelog:5.0.0,Changelog,exercised,not-applicable,"R01,R02,R03,R04,R05,R06,M01,M02,M06,T01,T02",changelog:5.0.0,none,not-applicable,"every 5.0.0 claim was consumed by the instance: invariants bound per construct (19/19 cited), extension_owner on exactly six constructs, form restored, assessment split from gate_outcome (EV-013/EV-014), Event.authority_ref pointing at SC-COL, Role.receives navigable, effect_disposition vocabulary used, scope_type seeds conforming, and the inverse rule in principles",wfh-008 alphabet R + M01 as parsed + T01/T02 (ledgered transitive),not-applicable,see instance + wfh-008-validate.py output,n/a,n/a,not-applicable,not-applicable,not-applicable,not-applicable,not-applicable,not-applicable,not-applicable,not-applicable,not-applicable,not-applicable,not-applicable,not-applicable
changelog:4.0.0,Changelog,inspected-no-material-instance,not-applicable,"R01,R02,R03,R04,R05,R06,M01,M02,M06,T01,T02",changelog:4.0.0,none,not-applicable,the v4 convergence claims are lineage; the instance tests 5.0.0 as pinned,wfh-008 alphabet R + M01 as parsed + T01/T02 (ledgered transitive),not-applicable,see instance + wfh-008-validate.py output,n/a,n/a,not-applicable,not-applicable,not-applicable,not-applicable,not-applicable,not-applicable,not-applicable,not-applicable,not-applicable,not-applicable,not-applicable,not-applicable
